Workbook

Sheet Gruppi_Atleti
A1: ID Gruppo | B1: Nome Gruppo | C1: Allenatore | D1: Atleta | E1: Contatto atleta | F1: Certificato medico (S/N) | G1: Scadenza certificato | H1: Presenze | I1: Assenze | J1: Recuperi fatti | K1: Recuperi da programmare | L1: Quota totale stagione | M1: Quota associativa (una tantum) | N1: Quota pagata | O1: Saldo da pagare | P1: Semaforo certificato | Q1: Semaforo pagamenti | R1: altri pagamenti non bonif.
A2: 1 | B2: Gruppo 1 | C2: Matteo Bosso | D2: Alberto Mantovani | F2: agonistico | G2: 46379 | H2: =COUNTIFS(Presenze!$D:$D,D2,Presenze!$E:$E,"S") -> 0 | I2: =COUNTIFS(Presenze!$D:$D,D2,Presenze!$F:$F,"S") -> 0 | J2: =COUNTIFS(Presenze!$D:$D,D2,Presenze!$G:$G,"<>") -> 0 | K2: =I2-J2 -> 0 | L2: 480 | M2: 15 | N2: 255 | O2: =L2+M2-N2 -> 240 | P2: =IF(OR(F2="nessuno",F2=""),"🔴",IF(AND(OR(F2="agonistico",F2="non agonistico"),G2<TODAY()),"🔴",IF(AND(OR(F2="agonistico",F2="non agonistico"),G2<=TODAY()+30),"🟡","🟢"))) -> 🟢 | Q2: =IF((L2+M2)<=0,"🟢",IF(N2<=0,"🔴",IF(O2>0,"🟡","🟢"))) -> 🟡
A3: 1 | B3: Gruppo 1 | C3: Matteo Bosso | D3: Damiano Maccacaro | F3: non agonistico | G3: 46346 | H3: =COUNTIFS(Presenze!$D:$D,D3,Presenze!$E:$E,"S") -> 0 | I3: =COUNTIFS(Presenze!$D:$D,D3,Presenze!$F:$F,"S") -> 0 | J3: =COUNTIFS(Presenze!$D:$D,D3,Presenze!$G:$G,"<>") -> 0 | K3: =I3-J3 -> 0 | L3: 670 | M3: 15 | N3: 255 | O3: =L3+M3-N3 -> 430 | P3: =IF(OR(F3="nessuno",F3=""),"🔴",IF(AND(OR(F3="agonistico",F3="non agonistico"),G3<TODAY()),"🔴",IF(AND(OR(F3="agonistico",F3="non agonistico"),G3<=TODAY()+30),"🟡","🟢"))) -> 🟢 | Q3: =IF((L3+M3)<=0,"🟢",IF(N3<=0,"🔴",IF(O3>0,"🟡","🟢"))) -> 🟡
A4: 1 | B4: Gruppo 1 | C4: Matteo Bosso | D4: Nicola Baiocco | F4: non agonistico | G4: 46328 | H4: =COUNTIFS(Presenze!$D:$D,D4,Presenze!$E:$E,"S") -> 0 | I4: =COUNTIFS(Presenze!$D:$D,D4,Presenze!$F:$F,"S") -> 0 | J4: =COUNTIFS(Presenze!$D:$D,D4,Presenze!$G:$G,"<>") -> 0 | K4: =I4-J4 -> 0 | L4: 480 | M4: 15 | N4: 255 | O4: =L4+M4-N4 -> 240 | P4: =IF(OR(F4="nessuno",F4=""),"🔴",IF(AND(OR(F4="agonistico",F4="non agonistico"),G4<TODAY()),"🔴",IF(AND(OR(F4="agonistico",F4="non agonistico"),G4<=TODAY()+30),"🟡","🟢"))) -> 🟢 | Q4: =IF((L4+M4)<=0,"🟢",IF(N4<=0,"🔴",IF(O4>0,"🟡","🟢"))) -> 🟡
A5: 1 | B5: Gruppo 1 | C5: Matteo Bosso | D5: Marco Pinelli | F5: agonistico | G5: 46308 | H5: =COUNTIFS(Presenze!$D:$D,D5,Presenze!$E:$E,"S") -> 0 | I5: =COUNTIFS(Presenze!$D:$D,D5,Presenze!$F:$F,"S") -> 0 | J5: =COUNTIFS(Presenze!$D:$D,D5,Presenze!$G:$G,"<>") -> 0 | K5: =I5-J5 -> 0 | L5: 860 | M5: 15 | N5: 445 | O5: =L5+M5-N5 -> 430 | P5: =IF(OR(F5="nessuno",F5=""),"🔴",IF(AND(OR(F5="agonistico",F5="non agonistico"),G5<TODAY()),"🔴",IF(AND(OR(F5="agonistico",F5="non agonistico"),G5<=TODAY()+30),"🟡","🟢"))) -> 🟢 | Q5: =IF((L5+M5)<=0,"🟢",IF(N5<=0,"🔴",IF(O5>0,"🟡","🟢"))) -> 🟡
A6: 1 | B6: Gruppo 1 | C6: Matteo Bosso | D6: Massimiliano Dorella | F6: agonistico | G6: 46331 | H6: =COUNTIFS(Presenze!$D:$D,D6,Presenze!$E:$E,"S") -> 0 | I6: =COUNTIFS(Presenze!$D:$D,D6,Presenze!$F:$F,"S") -> 0 | J6: =COUNTIFS(Presenze!$D:$D,D6,Presenze!$G:$G,"<>") -> 0 | K6: =I6-J6 -> 0 | L6: 670 | M6: 15 | N6: 445 | O6: =L6+M6-N6 -> 240 | P6: =IF(OR(F6="nessuno",F6=""),"🔴",IF(AND(OR(F6="agonistico",F6="non agonistico"),G6<TODAY()),"🔴",IF(AND(OR(F6="agonistico",F6="non agonistico"),G6<=TODAY()+30),"🟡","🟢"))) -> 🟢 | Q6: =IF((L6+M6)<=0,"🟢",IF(N6<=0,"🔴",IF(O6>0,"🟡","🟢"))) -> 🟡 | R6: PAYPAL
A7: 1 | B7: Gruppo 1 | C7: Matteo Bosso | D7: Emilio Telluri | F7: agonistico | G7: 46288 | H7: =COUNTIFS(Presenze!$D:$D,D7,Presenze!$E:$E,"S") -> 0 | I7: =COUNTIFS(Presenze!$D:$D,D7,Presenze!$F:$F,"S") -> 0 | J7: =COUNTIFS(Presenze!$D:$D,D7,Presenze!$G:$G,"<>") -> 0 | K7: =I7-J7 -> 0 | L7: 480 | M7: 15 | N7: 255 | O7: =L7+M7-N7 -> 240 | P7: =IF(OR(F7="nessuno",F7=""),"🔴",IF(AND(OR(F7="agonistico",F7="non agonistico"),G7<TODAY()),"🔴",IF(AND(OR(F7="agonistico",F7="non agonistico"),G7<=TODAY()+30),"🟡","🟢"))) -> 🟢 | Q7: =IF((L7+M7)<=0,"🟢",IF(N7<=0,"🔴",IF(O7>0,"🟡","🟢"))) -> 🟡
A8: 1 | B8: Gruppo 1 | C8: Matteo Bosso | D8: Pulvini Matteo | F8: agonistico | G8: 46346 | H8: =COUNTIFS(Presenze!$D:$D,D8,Presenze!$E:$E,"S") -> 0 | I8: =COUNTIFS(Presenze!$D:$D,D8,Presenze!$F:$F,"S") -> 0 | J8: =COUNTIFS(Presenze!$D:$D,D8,Presenze!$G:$G,"<>") -> 0 | K8: =I8-J8 -> 0 | L8: 480 | M8: 15 | N8: 255 | O8: =L8+M8-N8 -> 240 | P8: =IF(OR(F8="nessuno",F8=""),"🔴",IF(AND(OR(F8="agonistico",F8="non agonistico"),G8<TODAY()),"🔴",IF(AND(OR(F8="agonistico",F8="non agonistico"),G8<=TODAY()+30),"🟡","🟢"))) -> 🟢 | Q8: =IF((L8+M8)<=0,"🟢",IF(N8<=0,"🔴",IF(O8>0,"🟡","🟢"))) -> 🟡
A9: 1 | B9: Gruppo 1 | C9: Matteo Bosso | D9: Cristian Costa | F9: agonistico | G9: 46261 | H9: =COUNTIFS(Presenze!$D:$D,D9,Presenze!$E:$E,"S") -> 0 | I9: =COUNTIFS(Presenze!$D:$D,D9,Presenze!$F:$F,"S") -> 0 | J9: =COUNTIFS(Presenze!$D:$D,D9,Presenze!$G:$G,"<>") -> 0 | K9: =I9-J9 -> 0 | L9: 480 | M9: 15 | N9: 255 | O9: =L9+M9-N9 -> 240 | P9: =IF(OR(F9="nessuno",F9=""),"🔴",IF(AND(OR(F9="agonistico",F9="non agonistico"),G9<TODAY()),"🔴",IF(AND(OR(F9="agonistico",F9="non agonistico"),G9<=TODAY()+30),"🟡","🟢"))) -> 🟢 | Q9: =IF((L9+M9)<=0,"🟢",IF(N9<=0,"🔴",IF(O9>0,"🟡","🟢"))) -> 🟡
A10: 2 | B10: Gruppo 2 | C10: Elena Colombi | D10: Cecilia Bertolo | F10: agonistico | G10: 46357 | H10: =COUNTIFS(Presenze!$D:$D,D10,Presenze!$E:$E,"S") -> 0 | I10: =COUNTIFS(Presenze!$D:$D,D10,Presenze!$F:$F,"S") -> 0 | J10: =COUNTIFS(Presenze!$D:$D,D10,Presenze!$G:$G,"<>") -> 0 | K10: =I10-J10 -> 0 | L10: 480 | M10: 15 | N10: 255 | O10: =L10+M10-N10 -> 240 | P10: =IF(OR(F10="nessuno",F10=""),"🔴",IF(AND(OR(F10="agonistico",F10="non agonistico"),G10<TODAY()),"🔴",IF(AND(OR(F10="agonistico",F10="non agonistico"),G10<=TODAY()+30),"🟡","🟢"))) -> 🟢 | Q10: =IF((L10+M10)<=0,"🟢",IF(N10<=0,"🔴",IF(O10>0,"🟡","🟢"))) -> 🟡
A11: 2 | B11: Gruppo 2 | C11: Elena Colombi | D11: Serena Bellinazzi | F11: agonistico | G11: 46160 | H11: =COUNTIFS(Presenze!$D:$D,D11,Presenze!$E:$E,"S") -> 0 | I11: =COUNTIFS(Presenze!$D:$D,D11,Presenze!$F:$F,"S") -> 0 | J11: =COUNTIFS(Presenze!$D:$D,D11,Presenze!$G:$G,"<>") -> 0 | K11: =I11-J11 -> 0 | L11: 480 | M11: 15 | N11: 255 | O11: =L11+M11-N11 -> 240 | P11: =IF(OR(F11="nessuno",F11=""),"🔴",IF(AND(OR(F11="agonistico",F11="non agonistico"),G11<TODAY()),"🔴",IF(AND(OR(F11="agonistico",F11="non agonistico"),G11<=TODAY()+30),"🟡","🟢"))) -> 🟢 | Q11: =IF((L11+M11)<=0,"🟢",IF(N11<=0,"🔴",IF(O11>0,"🟡","🟢"))) -> 🟡
A12: 2 | B12: Gruppo 2 | C12: Elena Colombi | D12: Desiree Mastrosimone | F12: agonistico | G12: 46009 | H12: =COUNTIFS(Presenze!$D:$D,D12,Presenze!$E:$E,"S") -> 0 | I12: =COUNTIFS(Presenze!$D:$D,D12,Presenze!$F:$F,"S") -> 0 | J12: =COUNTIFS(Presenze!$D:$D,D12,Presenze!$G:$G,"<>") -> 0 | K12: =I12-J12 -> 0 | L12: 480 | M12: 15 | N12: 255 | O12: =L12+M12-N12 -> 240 | P12: =IF(OR(F12="nessuno",F12=""),"🔴",IF(AND(OR(F12="agonistico",F12="non agonistico"),G12<TODAY()),"🔴",IF(AND(OR(F12="agonistico",F12="non agonistico"),G12<=TODAY()+30),"🟡","🟢"))) -> 🔴 | Q12: =IF((L12+M12)<=0,"🟢",IF(N12<=0,"🔴",IF(O12>0,"🟡","🟢"))) -> 🟡
A13: 2 | B13: Gruppo 2 | C13: Elena Colombi | D13: Anita Conti | F13: agonistico | G13: 46365 | H13: =COUNTIFS(Presenze!$D:$D,D13,Presenze!$E:$E,"S") -> 0 | I13: =COUNTIFS(Presenze!$D:$D,D13,Presenze!$F:$F,"S") -> 0 | J13: =COUNTIFS(Presenze!$D:$D,D13,Presenze!$G:$G,"<>") -> 0 | K13: =I13-J13 -> 0 | L13: 480 | M13: 15 | N13: 255 | O13: =L13+M13-N13 -> 240 | P13: =IF(OR(F13="nessuno",F13=""),"🔴",IF(AND(OR(F13="agonistico",F13="non agonistico"),G13<TODAY()),"🔴",IF(AND(OR(F13="agonistico",F13="non agonistico"),G13<=TODAY()+30),"🟡","🟢"))) -> 🟢 | Q13: =IF((L13+M13)<=0,"🟢",IF(N13<=0,"🔴",IF(O13>0,"🟡","🟢"))) -> 🟡
A14: 2 | B14: Gruppo 2 | C14: Elena Colombi | D14: Massimiliana Della Camera | F14: agonistico | G14: 46325 | H14: =COUNTIFS(Presenze!$D:$D,D14,Presenze!$E:$E,"S") -> 0 | I14: =COUNTIFS(Presenze!$D:$D,D14,Presenze!$F:$F,"S") -> 0 | J14: =COUNTIFS(Presenze!$D:$D,D14,Presenze!$G:$G,"<>") -> 0 | K14: =I14-J14 -> 0 | L14: 480 | M14: 15 | N14: 255 | O14: =L14+M14-N14 -> 240 | P14: =IF(OR(F14="nessuno",F14=""),"🔴",IF(AND(OR(F14="agonistico",F14="non agonistico"),G14<TODAY()),"🔴",IF(AND(OR(F14="agonistico",F14="non agonistico"),G14<=TODAY()+30),"🟡","🟢"))) -> 🟢 | Q14: =IF((L14+M14)<=0,"🟢",IF(N14<=0,"🔴",IF(O14>0,"🟡","🟢"))) -> 🟡
A15: 2 | B15: Gruppo 2 | C15: Elena Colombi | D15: Valentina Pisani | F15: non agonistico | G15: 46283 | H15: =COUNTIFS(Presenze!$D:$D,D15,Presenze!$E:$E,"S") -> 0 | I15: =COUNTIFS(Presenze!$D:$D,D15,Presenze!$F:$F,"S") -> 0 | J15: =COUNTIFS(Presenze!$D:$D,D15,Presenze!$G:$G,"<>") -> 0 | K15: =I15-J15 -> 0 | L15: 480 | M15: 15 | N15: 255 | O15: =L15+M15-N15 -> 240 | P15: =IF(OR(F15="nessuno",F15=""),"🔴",IF(AND(OR(F15="agonistico",F15="non agonistico"),G15<TODAY()),"🔴",IF(AND(OR(F15="agonistico",F15="non agonistico"),G15<=TODAY()+30),"🟡","🟢"))) -> 🟢 | Q15: =IF((L15+M15)<=0,"🟢",IF(N15<=0,"🔴",IF(O15>0,"🟡","🟢"))) -> 🟡
A16: 2 | B16: Gruppo 2 | C16: Elena Colombi | D16: Anna Cona | F16: agonistico | G16: 46286 | H16: =COUNTIFS(Presenze!$D:$D,D16,Presenze!$E:$E,"S") -> 0 | I16: =COUNTIFS(Presenze!$D:$D,D16,Presenze!$F:$F,"S") -> 0 | J16: =COUNTIFS(Presenze!$D:$D,D16,Presenze!$G:$G,"<>") -> 0 | K16: =I16-J16 -> 0 | L16: 730 | M16: 15 | N16: =255+490 -> 745 | O16: =L16+M16-N16 -> 0 | P16: =IF(OR(F16="nessuno",F16=""),"🔴",IF(AND(OR(F16="agonistico",F16="non agonistico"),G16<TODAY()),"🔴",IF(AND(OR(F16="agonistico",F16="non agonistico"),G16<=TODAY()+30),"🟡","🟢"))) -> 🟢 | Q16: =IF((L16+M16)<=0,"🟢",IF(N16<=0,"🔴",IF(O16>0,"🟡","🟢"))) -> 🟢 | R16: CASH OMAR
A17: 2 | B17: Gruppo 2 | C17: Elena Colombi | D17: Federica Cona | F17: agonistico | G17: 46346 | H17: =COUNTIFS(Presenze!$D:$D,D17,Presenze!$E:$E,"S") -> 0 | I17: =COUNTIFS(Presenze!$D:$D,D17,Presenze!$F:$F,"S") -> 0 | J17: =COUNTIFS(Presenze!$D:$D,D17,Presenze!$G:$G,"<>") -> 0 | K17: =I17-J17 -> 0 | L17: 860 | M17: 15 | N17: 445 | O17: =L17+M17-N17 -> 430 | P17: =IF(OR(F17="nessuno",F17=""),"🔴",IF(AND(OR(F17="agonistico",F17="non agonistico"),G17<TODAY()),"🔴",IF(AND(OR(F17="agonistico",F17="non agonistico"),G17<=TODAY()+30),"🟡","🟢"))) -> 🟢 | Q17: =IF((L17+M17)<=0,"🟢",IF(N17<=0,"🔴",IF(O17>0,"🟡","🟢"))) -> 🟡
A18: 3 | B18: Gruppo 3 | C18: Matteo Bosso | D18: Matteo Bertani | F18: agonistico | G18: 46394 | H18: =COUNTIFS(Presenze!$D:$D,D18,Presenze!$E:$E,"S") -> 0 | I18: =COUNTIFS(Presenze!$D:$D,D18,Presenze!$F:$F,"S") -> 0 | J18: =COUNTIFS(Presenze!$D:$D,D18,Presenze!$G:$G,"<>") -> 0 | K18: =I18-J18 -> 0 | L18: 480 | M18: 15 | N18: 255 | O18: =L18+M18-N18 -> 240 | P18: =IF(OR(F18="nessuno",F18=""),"🔴",IF(AND(OR(F18="agonistico",F18="non agonistico"),G18<TODAY()),"🔴",IF(AND(OR(F18="agonistico",F18="non agonistico"),G18<=TODAY()+30),"🟡","🟢"))) -> 🟢 | Q18: =IF((L18+M18)<=0,"🟢",IF(N18<=0,"🔴",IF(O18>0,"🟡","🟢"))) -> 🟡
A19: 3 | B19: Gruppo 3 | C19: Matteo Bosso | D19: Agostino Cianciulli | F19: non agonistico | G19: 46292 | H19: =COUNTIFS(Presenze!$D:$D,D19,Presenze!$E:$E,"S") -> 0 | I19: =COUNTIFS(Presenze!$D:$D,D19,Presenze!$F:$F,"S") -> 0 | J19: =COUNTIFS(Presenze!$D:$D,D19,Presenze!$G:$G,"<>") -> 0 | K19: =I19-J19 -> 0 | L19: 860 | M19: 15 | N19: 445 | O19: =L19+M19-N19 -> 430 | P19: =IF(OR(F19="nessuno",F19=""),"🔴",IF(AND(OR(F19="agonistico",F19="non agonistico"),G19<TODAY()),"🔴",IF(AND(OR(F19="agonistico",F19="non agonistico"),G19<=TODAY()+30),"🟡","🟢"))) -> 🟢 | Q19: =IF((L19+M19)<=0,"🟢",IF(N19<=0,"🔴",IF(O19>0,"🟡","🟢"))) -> 🟡
A20: 3 | B20: Gruppo 3 | C20: Matteo Bosso | D20: Andrea Simonetti | H20: =COUNTIFS(Presenze!$D:$D,D20,Presenze!$E:$E,"S") -> 0 | I20: =COUNTIFS(Presenze!$D:$D,D20,Presenze!$F:$F,"S") -> 0 | J20: =COUNTIFS(Presenze!$D:$D,D20,Presenze!$G:$G,"<>") -> 0 | K20: =I20-J20 -> 0 | L20: 480 | M20: 15 | N20: 255 | O20: =L20+M20-N20 -> 240 | P20: =IF(OR(F20="nessuno",F20=""),"🔴",IF(AND(OR(F20="agonistico",F20="non agonistico"),G20<TODAY()),"🔴",IF(AND(OR(F20="agonistico",F20="non agonistico"),G20<=TODAY()+30),"🟡","🟢"))) -> 🔴 | Q20: =IF((L20+M20)<=0,"🟢",IF(N20<=0,"🔴",IF(O20>0,"🟡","🟢"))) -> 🟡
A21: 3 | B21: Gruppo 3 | C21: Matteo Bosso | D21: Roberto d’Intino | F21: non agonistico | G21: 46318 | H21: =COUNTIFS(Presenze!$D:$D,D21,Presenze!$E:$E,"S") -> 0 | I21: =COUNTIFS(Presenze!$D:$D,D21,Presenze!$F:$F,"S") -> 0 | J21: =COUNTIFS(Presenze!$D:$D,D21,Presenze!$G:$G,"<>") -> 0 | K21: =I21-J21 -> 0 | L21: 480 | M21: 15 | N21: 255 | O21: =L21+M21-N21 -> 240 | P21: =IF(OR(F21="nessuno",F21=""),"🔴",IF(AND(OR(F21="agonistico",F21="non agonistico"),G21<TODAY()),"🔴",IF(AND(OR(F21="agonistico",F21="non agonistico"),G21<=TODAY()+30),"🟡","🟢"))) -> 🟢 | Q21: =IF((L21+M21)<=0,"🟢",IF(N21<=0,"🔴",IF(O21>0,"🟡","🟢"))) -> 🟡
A22: 3 | B22: Gruppo 3 | C22: Matteo Bosso | D22: Federico Marcolini | F22: non agonistico | G22: 46158 | H22: =COUNTIFS(Presenze!$D:$D,D22,Presenze!$E:$E,"S") -> 0 | I22: =COUNTIFS(Presenze!$D:$D,D22,Presenze!$F:$F,"S") -> 0 | J22: =COUNTIFS(Presenze!$D:$D,D22,Presenze!$G:$G,"<>") -> 0 | K22: =I22-J22 -> 0 | L22: 480 | M22: 15 | N22: 255 | O22: =L22+M22-N22 -> 240 | P22: =IF(OR(F22="nessuno",F22=""),"🔴",IF(AND(OR(F22="agonistico",F22="non agonistico"),G22<TODAY()),"🔴",IF(AND(OR(F22="agonistico",F22="non agonistico"),G22<=TODAY()+30),"🟡","🟢"))) -> 🟢 | Q22: =IF((L22+M22)<=0,"🟢",IF(N22<=0,"🔴",IF(O22>0,"🟡","🟢"))) -> 🟡
A23: 3 | B23: Gruppo 3 | C23: Matteo Bosso | D23: Michele Olly Olivieri | H23: =COUNTIFS(Presenze!$D:$D,D23,Presenze!$E:$E,"S") -> 0 | I23: =COUNTIFS(Presenze!$D:$D,D23,Presenze!$F:$F,"S") -> 0 | J23: =COUNTIFS(Presenze!$D:$D,D23,Presenze!$G:$G,"<>") -> 0 | K23: =I23-J23 -> 0 | L23: 360 | M23: 15 | N23: 135 | O23: =L23+M23-N23 -> 240 | P23: =IF(OR(F23="nessuno",F23=""),"🔴",IF(AND(OR(F23="agonistico",F23="non agonistico"),G23<TODAY()),"🔴",IF(AND(OR(F23="agonistico",F23="non agonistico"),G23<=TODAY()+30),"🟡","🟢"))) -> 🔴 | Q23: =IF((L23+M23)<=0,"🟢",IF(N23<=0,"🔴",IF(O23>0,"🟡","🟢"))) -> 🟡 | R23: CASH BOSSO
A24: 3 | B24: Gruppo 3 | C24: Matteo Bosso | D24: Eugenio Turri | F24: agonistico | G24: 46323 | H24: =COUNTIFS(Presenze!$D:$D,D24,Presenze!$E:$E,"S") -> 0 | I24: =COUNTIFS(Presenze!$D:$D,D24,Presenze!$F:$F,"S") -> 0 | J24: =COUNTIFS(Presenze!$D:$D,D24,Presenze!$G:$G,"<>") -> 0 | K24: =I24-J24 -> 0 | L24: 480 | M24: 15 | N24: 255 | O24: =L24+M24-N24 -> 240 | P24: =IF(OR(F24="nessuno",F24=""),"🔴",IF(AND(OR(F24="agonistico",F24="non agonistico"),G24<TODAY()),"🔴",IF(AND(OR(F24="agonistico",F24="non agonistico"),G24<=TODAY()+30),"🟡","🟢"))) -> 🟢 | Q24: =IF((L24+M24)<=0,"🟢",IF(N24<=0,"🔴",IF(O24>0,"🟡","🟢"))) -> 🟡 | R24: CASH OMAR
A25: 3 | B25: Gruppo 3 | C25: Matteo Bosso | D25: Federico Pastorello | F25: non agonistico | G25: 46332 | H25: =COUNTIFS(Presenze!$D:$D,D25,Presenze!$E:$E,"S") -> 0 | I25: =COUNTIFS(Presenze!$D:$D,D25,Presenze!$F:$F,"S") -> 0 | J25: =COUNTIFS(Presenze!$D:$D,D25,Presenze!$G:$G,"<>") -> 0 | K25: =I25-J25 -> 0 | L25: 480 | M25: 15 | N25: 255 | O25: =L25+M25-N25 -> 240 | P25: =IF(OR(F25="nessuno",F25=""),"🔴",IF(AND(OR(F25="agonistico",F25="non agonistico"),G25<TODAY()),"🔴",IF(AND(OR(F25="agonistico",F25="non agonistico"),G25<=TODAY()+30),"🟡","🟢"))) -> 🟢 | Q25: =IF((L25+M25)<=0,"🟢",IF(N25<=0,"🔴",IF(O25>0,"🟡","🟢"))) -> 🟡
A26: 4 | B26: Gruppo 4 | C26: Elena Colombi | D26: Federica Maccadanza | F26: agonistico | G26: 46304 | H26: =COUNTIFS(Presenze!$D:$D,D26,Presenze!$E:$E,"S") -> 0 | I26: =COUNTIFS(Presenze!$D:$D,D26,Presenze!$F:$F,"S") -> 0 | J26: =COUNTIFS(Presenze!$D:$D,D26,Presenze!$G:$G,"<>") -> 0 | K26: =I26-J26 -> 0 | L26: 480 | M26: 15 | N26: 255 | O26: =L26+M26-N26 -> 240 | P26: =IF(OR(F26="nessuno",F26=""),"🔴",IF(AND(OR(F26="agonistico",F26="non agonistico"),G26<TODAY()),"🔴",IF(AND(OR(F26="agonistico",F26="non agonistico"),G26<=TODAY()+30),"🟡","🟢"))) -> 🟢 | Q26: =IF((L26+M26)<=0,"🟢",IF(N26<=0,"🔴",IF(O26>0,"🟡","🟢"))) -> 🟡
A27: 4 | B27: Gruppo 4 | C27: Elena Colombi | D27: Francesca Basile | H27: =COUNTIFS(Presenze!$D:$D,D27,Presenze!$E:$E,"S") -> 0 | I27: =COUNTIFS(Presenze!$D:$D,D27,Presenze!$F:$F,"S") -> 0 | J27: =COUNTIFS(Presenze!$D:$D,D27,Presenze!$G:$G,"<>") -> 0 | K27: =I27-J27 -> 0 | L27: 480 | M27: 15 | N27: 255 | O27: =L27+M27-N27 -> 240 | P27: =IF(OR(F27="nessuno",F27=""),"🔴",IF(AND(OR(F27="agonistico",F27="non agonistico"),G27<TODAY()),"🔴",IF(AND(OR(F27="agonistico",F27="non agonistico"),G27<=TODAY()+30),"🟡","🟢"))) -> 🔴 | Q27: =IF((L27+M27)<=0,"🟢",IF(N27<=0,"🔴",IF(O27>0,"🟡","🟢"))) -> 🟡
A28: 4 | B28: Gruppo 4 | C28: Elena Colombi | D28: Veronica Maccadanza | F28: agonistico | G28: 46283 | H28: =COUNTIFS(Presenze!$D:$D,D28,Presenze!$E:$E,"S") -> 0 | I28: =COUNTIFS(Presenze!$D:$D,D28,Presenze!$F:$F,"S") -> 0 | J28: =COUNTIFS(Presenze!$D:$D,D28,Presenze!$G:$G,"<>") -> 0 | K28: =I28-J28 -> 0 | L28: 480 | M28: 15 | N28: 255 | O28: =L28+M28-N28 -> 240 | P28: =IF(OR(F28="nessuno",F28=""),"🔴",IF(AND(OR(F28="agonistico",F28="non agonistico"),G28<TODAY()),"🔴",IF(AND(OR(F28="agonistico",F28="non agonistico"),G28<=TODAY()+30),"🟡","🟢"))) -> 🟢 | Q28: =IF((L28+M28)<=0,"🟢",IF(N28<=0,"🔴",IF(O28>0,"🟡","🟢"))) -> 🟡
A29: 4 | B29: Gruppo 4 | C29: Elena Colombi | D29: Elisa Faraglia | F29: non agonistico | G29: 46294 | H29: =COUNTIFS(Presenze!$D:$D,D29,Presenze!$E:$E,"S") -> 0 | I29: =COUNTIFS(Presenze!$D:$D,D29,Presenze!$F:$F,"S") -> 0 | J29: =COUNTIFS(Presenze!$D:$D,D29,Presenze!$G:$G,"<>") -> 0 | K29: =I29-J29 -> 0 | L29: 480 | M29: 15 | N29: 255 | O29: =L29+M29-N29 -> 240 | P29: =IF(OR(F29="nessuno",F29=""),"🔴",IF(AND(OR(F29="agonistico",F29="non agonistico"),G29<TODAY()),"🔴",IF(AND(OR(F29="agonistico",F29="non agonistico"),G29<=TODAY()+30),"🟡","🟢"))) -> 🟢 | Q29: =IF((L29+M29)<=0,"🟢",IF(N29<=0,"🔴",IF(O29>0,"🟡","🟢"))) -> 🟡
A30: 4 | B30: Gruppo 4 | C30: Elena Colombi | D30: Stefania Prando Moglie Mattia | F30: agonistico | G30: 46042 | H30: =COUNTIFS(Presenze!$D:$D,D30,Presenze!$E:$E,"S") -> 0 | I30: =COUNTIFS(Presenze!$D:$D,D30,Presenze!$F:$F,"S") -> 0 | J30: =COUNTIFS(Presenze!$D:$D,D30,Presenze!$G:$G,"<>") -> 0 | K30: =I30-J30 -> 0 | L30: 480 | M30: 15 | N30: 255 | O30: =L30+M30-N30 -> 240 | P30: =IF(OR(F30="nessuno",F30=""),"🔴",IF(AND(OR(F30="agonistico",F30="non agonistico"),G30<TODAY()),"🔴",IF(AND(OR(F30="agonistico",F30="non agonistico"),G30<=TODAY()+30),"🟡","🟢"))) -> 🟡 | Q30: =IF((L30+M30)<=0,"🟢",IF(N30<=0,"🔴",IF(O30>0,"🟡","🟢"))) -> 🟡
A31: 4 | B31: Gruppo 4 | C31: Elena Colombi | D31: Valentina Bernori | F31: agonistico | G31: 46258 | H31: =COUNTIFS(Presenze!$D:$D,D31,Presenze!$E:$E,"S") -> 0 | I31: =COUNTIFS(Presenze!$D:$D,D31,Presenze!$F:$F,"S") -> 0 | J31: =COUNTIFS(Presenze!$D:$D,D31,Presenze!$G:$G,"<>") -> 0 | K31: =I31-J31 -> 0 | L31: 480 | M31: 15 | N31: 255 | O31: =L31+M31-N31 -> 240 | P31: =IF(OR(F31="nessuno",F31=""),"🔴",IF(AND(OR(F31="agonistico",F31="non agonistico"),G31<TODAY()),"🔴",IF(AND(OR(F31="agonistico",F31="non agonistico"),G31<=TODAY()+30),"🟡","🟢"))) -> 🟢 | Q31: =IF((L31+M31)<=0,"🟢",IF(N31<=0,"🔴",IF(O31>0,"🟡","🟢"))) -> 🟡
A32: 4 | B32: Gruppo 4 | C32: Elena Colombi | D32: Valeria Marconi | F32: agonistico | G32: 46106 | H32: =COUNTIFS(Presenze!$D:$D,D32,Presenze!$E:$E,"S") -> 0 | I32: =COUNTIFS(Presenze!$D:$D,D32,Presenze!$F:$F,"S") -> 0 | J32: =COUNTIFS(Presenze!$D:$D,D32,Presenze!$G:$G,"<>") -> 0 | K32: =I32-J32 -> 0 | L32: 315 | M32: 15 | N32: 90 | O32: =L32+M32-N32 -> 240 | P32: =IF(OR(F32="nessuno",F32=""),"🔴",IF(AND(OR(F32="agonistico",F32="non agonistico"),G32<TODAY()),"🔴",IF(AND(OR(F32="agonistico",F32="non agonistico"),G32<=TODAY()+30),"🟡","🟢"))) -> 🟢 | Q32: =IF((L32+M32)<=0,"🟢",IF(N32<=0,"🔴",IF(O32>0,"🟡","🟢"))) -> 🟡
A33: 4 | B33: Gruppo 4 | C33: Elena Colombi | D33: Camilla Ederle | F33: agonistico | G33: 46301 | H33: =COUNTIFS(Presenze!$D:$D,D33,Presenze!$E:$E,"S") -> 0 | I33: =COUNTIFS(Presenze!$D:$D,D33,Presenze!$F:$F,"S") -> 0 | J33: =COUNTIFS(Presenze!$D:$D,D33,Presenze!$G:$G,"<>") -> 0 | K33: =I33-J33 -> 0 | L33: 480 | M33: 15 | N33: 255 | O33: =L33+M33-N33 -> 240 | P33: =IF(OR(F33="nessuno",F33=""),"🔴",IF(AND(OR(F33="agonistico",F33="non agonistico"),G33<TODAY()),"🔴",IF(AND(OR(F33="agonistico",F33="non agonistico"),G33<=TODAY()+30),"🟡","🟢"))) -> 🟢 | Q33: =IF((L33+M33)<=0,"🟢",IF(N33<=0,"🔴",IF(O33>0,"🟡","🟢"))) -> 🟡
A34: 5 | B34: Gruppo 5 | C34: Matteo Bosso | D34: Mattia Morati | F34: agonistico | G34: 46343 | H34: =COUNTIFS(Presenze!$D:$D,D34,Presenze!$E:$E,"S") -> 0 | I34: =COUNTIFS(Presenze!$D:$D,D34,Presenze!$F:$F,"S") -> 0 | J34: =COUNTIFS(Presenze!$D:$D,D34,Presenze!$G:$G,"<>") -> 0 | K34: =I34-J34 -> 0 | L34: 480 | M34: 15 | N34: 255 | O34: =L34+M34-N34 -> 240 | P34: =IF(OR(F34="nessuno",F34=""),"🔴",IF(AND(OR(F34="agonistico",F34="non agonistico"),G34<TODAY()),"🔴",IF(AND(OR(F34="agonistico",F34="non agonistico"),G34<=TODAY()+30),"🟡","🟢"))) -> 🟢 | Q34: =IF((L34+M34)<=0,"🟢",IF(N34<=0,"🔴",IF(O34>0,"🟡","🟢"))) -> 🟡
A35: 5 | B35: Gruppo 5 | C35: Matteo Bosso | D35: Luigi Nardiello | F35: agonistico | G35: 46308 | H35: =COUNTIFS(Presenze!$D:$D,D35,Presenze!$E:$E,"S") -> 0 | I35: =COUNTIFS(Presenze!$D:$D,D35,Presenze!$F:$F,"S") -> 0 | J35: =COUNTIFS(Presenze!$D:$D,D35,Presenze!$G:$G,"<>") -> 0 | K35: =I35-J35 -> 0 | L35: 480 | M35: 15 | N35: 255 | O35: =L35+M35-N35 -> 240 | P35: =IF(OR(F35="nessuno",F35=""),"🔴",IF(AND(OR(F35="agonistico",F35="non agonistico"),G35<TODAY()),"🔴",IF(AND(OR(F35="agonistico",F35="non agonistico"),G35<=TODAY()+30),"🟡","🟢"))) -> 🟢 | Q35: =IF((L35+M35)<=0,"🟢",IF(N35<=0,"🔴",IF(O35>0,"🟡","🟢"))) -> 🟡
A36: 5 | B36: Gruppo 5 | C36: Matteo Bosso | D36: Marco Scherlich | F36: agonistico | G36: 46058 | H36: =COUNTIFS(Presenze!$D:$D,D36,Presenze!$E:$E,"S") -> 0 | I36: =COUNTIFS(Presenze!$D:$D,D36,Presenze!$F:$F,"S") -> 0 | J36: =COUNTIFS(Presenze!$D:$D,D36,Presenze!$G:$G,"<>") -> 0 | K36: =I36-J36 -> 0 | L36: 860 | M36: 15 | N36: 445 | O36: =L36+M36-N36 -> 430 | P36: =IF(OR(F36="nessuno",F36=""),"🔴",IF(AND(OR(F36="agonistico",F36="non agonistico"),G36<TODAY()),"🔴",IF(AND(OR(F36="agonistico",F36="non agonistico"),G36<=TODAY()+30),"🟡","🟢"))) -> 🟡 | Q36: =IF((L36+M36)<=0,"🟢",IF(N36<=0,"🔴",IF(O36>0,"🟡","🟢"))) -> 🟡
A37: 5 | B37: Gruppo 5 | C37: Matteo Bosso | D37: Alberto Turco | F37: agonistico | G37: 46321 | H37: =COUNTIFS(Presenze!$D:$D,D37,Presenze!$E:$E,"S") -> 0 | I37: =COUNTIFS(Presenze!$D:$D,D37,Presenze!$F:$F,"S") -> 0 | J37: =COUNTIFS(Presenze!$D:$D,D37,Presenze!$G:$G,"<>") -> 0 | K37: =I37-J37 -> 0 | L37: 480 | M37: 15 | N37: 255 | O37: =L37+M37-N37 -> 240 | P37: =IF(OR(F37="nessuno",F37=""),"🔴",IF(AND(OR(F37="agonistico",F37="non agonistico"),G37<TODAY()),"🔴",IF(AND(OR(F37="agonistico",F37="non agonistico"),G37<=TODAY()+30),"🟡","🟢"))) -> 🟢 | Q37: =IF((L37+M37)<=0,"🟢",IF(N37<=0,"🔴",IF(O37>0,"🟡","🟢"))) -> 🟡
A38: 5 | B38: Gruppo 5 | C38: Matteo Bosso | D38: Luca Bertoldo | F38: non agonistico | G38: 46297 | H38: =COUNTIFS(Presenze!$D:$D,D38,Presenze!$E:$E,"S") -> 0 | I38: =COUNTIFS(Presenze!$D:$D,D38,Presenze!$F:$F,"S") -> 0 | J38: =COUNTIFS(Presenze!$D:$D,D38,Presenze!$G:$G,"<>") -> 0 | K38: =I38-J38 -> 0 | L38: 480 | M38: 15 | N38: 255 | O38: =L38+M38-N38 -> 240 | P38: =IF(OR(F38="nessuno",F38=""),"🔴",IF(AND(OR(F38="agonistico",F38="non agonistico"),G38<TODAY()),"🔴",IF(AND(OR(F38="agonistico",F38="non agonistico"),G38<=TODAY()+30),"🟡","🟢"))) -> 🟢 | Q38: =IF((L38+M38)<=0,"🟢",IF(N38<=0,"🔴",IF(O38>0,"🟡","🟢"))) -> 🟡
A39: 5 | B39: Gruppo 5 | C39: Matteo Bosso | D39: Omar Franzini | F39: agonistico | G39: 46275 | H39: =COUNTIFS(Presenze!$D:$D,D39,Presenze!$E:$E,"S") -> 0 | I39: =COUNTIFS(Presenze!$D:$D,D39,Presenze!$F:$F,"S") -> 0 | J39: =COUNTIFS(Presenze!$D:$D,D39,Presenze!$G:$G,"<>") -> 0 | K39: =I39-J39 -> 0 | L39: 480 | M39: 15 | N39: 255 | O39: =L39+M39-N39 -> 240 | P39: =IF(OR(F39="nessuno",F39=""),"🔴",IF(AND(OR(F39="agonistico",F39="non agonistico"),G39<TODAY()),"🔴",IF(AND(OR(F39="agonistico",F39="non agonistico"),G39<=TODAY()+30),"🟡","🟢"))) -> 🟢 | Q39: =IF((L39+M39)<=0,"🟢",IF(N39<=0,"🔴",IF(O39>0,"🟡","🟢"))) -> 🟡
A40: 5 | B40: Gruppo 5 | C40: Matteo Bosso | D40: Fabio Guarnati | H40: =COUNTIFS(Presenze!$D:$D,D40,Presenze!$E:$E,"S") -> 0 | I40: =COUNTIFS(Presenze!$D:$D,D40,Presenze!$F:$F,"S") -> 0 | J40: =COUNTIFS(Presenze!$D:$D,D40,Presenze!$G:$G,"<>") -> 0 | K40: =I40-J40 -> 0 | L40: 285 | M40: 15 | N40: 0 | O40: =L40+M40-N40 -> 300 | P40: =IF(OR(F40="nessuno",F40=""),"🔴",IF(AND(OR(F40="agonistico",F40="non agonistico"),G40<TODAY()),"🔴",IF(AND(OR(F40="agonistico",F40="non agonistico"),G40<=TODAY()+30),"🟡","🟢"))) -> 🔴 | Q40: =IF((L40+M40)<=0,"🟢",IF(N40<=0,"🔴",IF(O40>0,"🟡","🟢"))) -> 🔴
A41: 5 | B41: Gruppo 5 | C41: Matteo Bosso | D41: Damiano Trombin | F41: agonistico | G41: 46182 | H41: =COUNTIFS(Presenze!$D:$D,D41,Presenze!$E:$E,"S") -> 0 | I41: =COUNTIFS(Presenze!$D:$D,D41,Presenze!$F:$F,"S") -> 0 | J41: =COUNTIFS(Presenze!$D:$D,D41,Presenze!$G:$G,"<>") -> 0 | K41: =I41-J41 -> 0 | L41: 480 | M41: 15 | N41: 255 | O41: =L41+M41-N41 -> 240 | P41: =IF(OR(F41="nessuno",F41=""),"🔴",IF(AND(OR(F41="agonistico",F41="non agonistico"),G41<TODAY()),"🔴",IF(AND(OR(F41="agonistico",F41="non agonistico"),G41<=TODAY()+30),"🟡","🟢"))) -> 🟢 | Q41: =IF((L41+M41)<=0,"🟢",IF(N41<=0,"🔴",IF(O41>0,"🟡","🟢"))) -> 🟡
A42: 5 | B42: Gruppo 5 | C42: Matteo Bosso | D42: Paolo Guglielmi | H42: =COUNTIFS(Presenze!$D:$D,D42,Presenze!$E:$E,"S") -> 0 | I42: =COUNTIFS(Presenze!$D:$D,D42,Presenze!$F:$F,"S") -> 0 | J42: =COUNTIFS(Presenze!$D:$D,D42,Presenze!$G:$G,"<>") -> 0 | K42: =I42-J42 -> 0 | L42: 480 | M42: 15 | N42: 255 | O42: =L42+M42-N42 -> 240 | P42: =IF(OR(F42="nessuno",F42=""),"🔴",IF(AND(OR(F42="agonistico",F42="non agonistico"),G42<TODAY()),"🔴",IF(AND(OR(F42="agonistico",F42="non agonistico"),G42<=TODAY()+30),"🟡","🟢"))) -> 🔴 | Q42: =IF((L42+M42)<=0,"🟢",IF(N42<=0,"🔴",IF(O42>0,"🟡","🟢"))) -> 🟡
A43: 6 | B43: Gruppo 6 | C43: Matteo Bosso | D43: Emma Guiotto | F43: agonistico | G43: 46309 | H43: =COUNTIFS(Presenze!$D:$D,D43,Presenze!$E:$E,"S") -> 0 | I43: =COUNTIFS(Presenze!$D:$D,D43,Presenze!$F:$F,"S") -> 0 | J43: =COUNTIFS(Presenze!$D:$D,D43,Presenze!$G:$G,"<>") -> 0 | K43: =I43-J43 -> 0 | L43: 480 | M43: 15 | N43: 255 | O43: =L43+M43-N43 -> 240 | P43: =IF(OR(F43="nessuno",F43=""),"🔴",IF(AND(OR(F43="agonistico",F43="non agonistico"),G43<TODAY()),"🔴",IF(AND(OR(F43="agonistico",F43="non agonistico"),G43<=TODAY()+30),"🟡","🟢"))) -> 🟢 | Q43: =IF((L43+M43)<=0,"🟢",IF(N43<=0,"🔴",IF(O43>0,"🟡","🟢"))) -> 🟡
A44: 6 | B44: Gruppo 6 | C44: Matteo Bosso | D44: Giulia Adami | F44: agonistico | G44: 46309 | H44: =COUNTIFS(Presenze!$D:$D,D44,Presenze!$E:$E,"S") -> 0 | I44: =COUNTIFS(Presenze!$D:$D,D44,Presenze!$F:$F,"S") -> 0 | J44: =COUNTIFS(Presenze!$D:$D,D44,Presenze!$G:$G,"<>") -> 0 | K44: =I44-J44 -> 0 | L44: 480 | M44: 15 | N44: 255 | O44: =L44+M44-N44 -> 240 | P44: =IF(OR(F44="nessuno",F44=""),"🔴",IF(AND(OR(F44="agonistico",F44="non agonistico"),G44<TODAY()),"🔴",IF(AND(OR(F44="agonistico",F44="non agonistico"),G44<=TODAY()+30),"🟡","🟢"))) -> 🟢 | Q44: =IF((L44+M44)<=0,"🟢",IF(N44<=0,"🔴",IF(O44>0,"🟡","🟢"))) -> 🟡
A45: 6 | B45: Gruppo 6 | C45: Matteo Bosso | D45: Giorgia Bellamoli | F45: agonistico | G45: 46310 | H45: =COUNTIFS(Presenze!$D:$D,D45,Presenze!$E:$E,"S") -> 0 | I45: =COUNTIFS(Presenze!$D:$D,D45,Presenze!$F:$F,"S") -> 0 | J45: =COUNTIFS(Presenze!$D:$D,D45,Presenze!$G:$G,"<>") -> 0 | K45: =I45-J45 -> 0 | L45: 480 | M45: 15 | N45: 255 | O45: =L45+M45-N45 -> 240 | P45: =IF(OR(F45="nessuno",F45=""),"🔴",IF(AND(OR(F45="agonistico",F45="non agonistico"),G45<TODAY()),"🔴",IF(AND(OR(F45="agonistico",F45="non agonistico"),G45<=TODAY()+30),"🟡","🟢"))) -> 🟢 | Q45: =IF((L45+M45)<=0,"🟢",IF(N45<=0,"🔴",IF(O45>0,"🟡","🟢"))) -> 🟡
A46: 6 | B46: Gruppo 6 | C46: Matteo Bosso | D46: Silvia Merzi | F46: non agonistico | G46: 46302 | H46: =COUNTIFS(Presenze!$D:$D,D46,Presenze!$E:$E,"S") -> 0 | I46: =COUNTIFS(Presenze!$D:$D,D46,Presenze!$F:$F,"S") -> 0 | J46: =COUNTIFS(Presenze!$D:$D,D46,Presenze!$G:$G,"<>") -> 0 | K46: =I46-J46 -> 0 | L46: 480 | M46: 15 | N46: =255+240 -> 495 | O46: =L46+M46-N46 -> 0 | P46: =IF(OR(F46="nessuno",F46=""),"🔴",IF(AND(OR(F46="agonistico",F46="non agonistico"),G46<TODAY()),"🔴",IF(AND(OR(F46="agonistico",F46="non agonistico"),G46<=TODAY()+30),"🟡","🟢"))) -> 🟢 | Q46: =IF((L46+M46)<=0,"🟢",IF(N46<=0,"🔴",IF(O46>0,"🟡","🟢"))) -> 🟢 | R46: CASH OMAR
A47: 6 | B47: Gruppo 6 | C47: Matteo Bosso | D47: Silvia Baggio | F47: non agonistico | G47: 46270 | H47: =COUNTIFS(Presenze!$D:$D,D47,Presenze!$E:$E,"S") -> 0 | I47: =COUNTIFS(Presenze!$D:$D,D47,Presenze!$F:$F,"S") -> 0 | J47: =COUNTIFS(Presenze!$D:$D,D47,Presenze!$G:$G,"<>") -> 0 | K47: =I47-J47 -> 0 | L47: 480 | M47: 15 | N47: 255 | O47: =L47+M47-N47 -> 240 | P47: =IF(OR(F47="nessuno",F47=""),"🔴",IF(AND(OR(F47="agonistico",F47="non agonistico"),G47<TODAY()),"🔴",IF(AND(OR(F47="agonistico",F47="non agonistico"),G47<=TODAY()+30),"🟡","🟢"))) -> 🟢 | Q47: =IF((L47+M47)<=0,"🟢",IF(N47<=0,"🔴",IF(O47>0,"🟡","🟢"))) -> 🟡
A48: 6 | B48: Gruppo 6 | C48: Matteo Bosso | D48: Noemi Romano' | F48: non agonistico | G48: 46141 | H48: =COUNTIFS(Presenze!$D:$D,D48,Presenze!$E:$E,"S") -> 0 | I48: =COUNTIFS(Presenze!$D:$D,D48,Presenze!$F:$F,"S") -> 0 | J48: =COUNTIFS(Presenze!$D:$D,D48,Presenze!$G:$G,"<>") -> 0 | K48: =I48-J48 -> 0 | L48: 480 | M48: 15 | N48: 255 | O48: =L48+M48-N48 -> 240 | P48: =IF(OR(F48="nessuno",F48=""),"🔴",IF(AND(OR(F48="agonistico",F48="non agonistico"),G48<TODAY()),"🔴",IF(AND(OR(F48="agonistico",F48="non agonistico"),G48<=TODAY()+30),"🟡","🟢"))) -> 🟢 | Q48: =IF((L48+M48)<=0,"🟢",IF(N48<=0,"🔴",IF(O48>0,"🟡","🟢"))) -> 🟡
A49: 6 | B49: Gruppo 6 | C49: Matteo Bosso | D49: Giorgia Tessari | H49: =COUNTIFS(Presenze!$D:$D,D49,Presenze!$E:$E,"S") -> 0 | I49: =COUNTIFS(Presenze!$D:$D,D49,Presenze!$F:$F,"S") -> 0 | J49: =COUNTIFS(Presenze!$D:$D,D49,Presenze!$G:$G,"<>") -> 0 | K49: =I49-J49 -> 0 | L49: 180 | M49: 15 | N49: 0 | O49: =L49+M49-N49 -> 195 | P49: =IF(OR(F49="nessuno",F49=""),"🔴",IF(AND(OR(F49="agonistico",F49="non agonistico"),G49<TODAY()),"🔴",IF(AND(OR(F49="agonistico",F49="non agonistico"),G49<=TODAY()+30),"🟡","🟢"))) -> 🔴 | Q49: =IF((L49+M49)<=0,"🟢",IF(N49<=0,"🔴",IF(O49>0,"🟡","🟢"))) -> 🔴
A50: 6 | B50: Gruppo 6 | C50: Matteo Bosso | D50: Silvia Romano | F50: agonistico | G50: 46098 | H50: =COUNTIFS(Presenze!$D:$D,D50,Presenze!$E:$E,"S") -> 0 | I50: =COUNTIFS(Presenze!$D:$D,D50,Presenze!$F:$F,"S") -> 0 | J50: =COUNTIFS(Presenze!$D:$D,D50,Presenze!$G:$G,"<>") -> 0 | K50: =I50-J50 -> 0 | L50: 480 | M50: 15 | N50: 255 | O50: =L50+M50-N50 -> 240 | P50: =IF(OR(F50="nessuno",F50=""),"🔴",IF(AND(OR(F50="agonistico",F50="non agonistico"),G50<TODAY()),"🔴",IF(AND(OR(F50="agonistico",F50="non agonistico"),G50<=TODAY()+30),"🟡","🟢"))) -> 🟢 | Q50: =IF((L50+M50)<=0,"🟢",IF(N50<=0,"🔴",IF(O50>0,"🟡","🟢"))) -> 🟡
A51: 7 | B51: Gruppo 7 | C51: Matteo Bosso | D51: Lucia Anselmi | F51: non agonistico | G51: 46323 | H51: =COUNTIFS(Presenze!$D:$D,D51,Presenze!$E:$E,"S") -> 0 | I51: =COUNTIFS(Presenze!$D:$D,D51,Presenze!$F:$F,"S") -> 0 | J51: =COUNTIFS(Presenze!$D:$D,D51,Presenze!$G:$G,"<>") -> 0 | K51: =I51-J51 -> 0 | L51: 450 | M51: 15 | N51: 255 | O51: =L51+M51-N51 -> 210 | P51: =IF(OR(F51="nessuno",F51=""),"🔴",IF(AND(OR(F51="agonistico",F51="non agonistico"),G51<TODAY()),"🔴",IF(AND(OR(F51="agonistico",F51="non agonistico"),G51<=TODAY()+30),"🟡","🟢"))) -> 🟢 | Q51: =IF((L51+M51)<=0,"🟢",IF(N51<=0,"🔴",IF(O51>0,"🟡","🟢"))) -> 🟡
A52: 7 | B52: Gruppo 7 | C52: Matteo Bosso | D52: Sara Stallone | F52: agonistico | G52: 46102 | H52: =COUNTIFS(Presenze!$D:$D,D52,Presenze!$E:$E,"S") -> 0 | I52: =COUNTIFS(Presenze!$D:$D,D52,Presenze!$F:$F,"S") -> 0 | J52: =COUNTIFS(Presenze!$D:$D,D52,Presenze!$G:$G,"<>") -> 0 | K52: =I52-J52 -> 0 | L52: 450 | M52: 15 | N52: 255 | O52: =L52+M52-N52 -> 210 | P52: =IF(OR(F52="nessuno",F52=""),"🔴",IF(AND(OR(F52="agonistico",F52="non agonistico"),G52<TODAY()),"🔴",IF(AND(OR(F52="agonistico",F52="non agonistico"),G52<=TODAY()+30),"🟡","🟢"))) -> 🟢 | Q52: =IF((L52+M52)<=0,"🟢",IF(N52<=0,"🔴",IF(O52>0,"🟡","🟢"))) -> 🟡
A53: 7 | B53: Gruppo 7 | C53: Matteo Bosso | D53: Mara Zimol | F53: agonistico | G53: 46302 | H53: =COUNTIFS(Presenze!$D:$D,D53,Presenze!$E:$E,"S") -> 0 | I53: =COUNTIFS(Presenze!$D:$D,D53,Presenze!$F:$F,"S") -> 0 | J53: =COUNTIFS(Presenze!$D:$D,D53,Presenze!$G:$G,"<>") -> 0 | K53: =I53-J53 -> 0 | L53: 450 | M53: 15 | N53: 255 | O53: =L53+M53-N53 -> 210 | P53: =IF(OR(F53="nessuno",F53=""),"🔴",IF(AND(OR(F53="agonistico",F53="non agonistico"),G53<TODAY()),"🔴",IF(AND(OR(F53="agonistico",F53="non agonistico"),G53<=TODAY()+30),"🟡","🟢"))) -> 🟢 | Q53: =IF((L53+M53)<=0,"🟢",IF(N53<=0,"🔴",IF(O53>0,"🟡","🟢"))) -> 🟡
A54: 7 | B54: Gruppo 7 | C54: Matteo Bosso | D54: Martina Turri | H54: =COUNTIFS(Presenze!$D:$D,D54,Presenze!$E:$E,"S") -> 0 | I54: =COUNTIFS(Presenze!$D:$D,D54,Presenze!$F:$F,"S") -> 0 | J54: =COUNTIFS(Presenze!$D:$D,D54,Presenze!$G:$G,"<>") -> 0 | K54: =I54-J54 -> 0 | L54: 240 | M54: 15 | N54: 255 | O54: =L54+M54-N54 -> 0 | P54: =IF(OR(F54="nessuno",F54=""),"🔴",IF(AND(OR(F54="agonistico",F54="non agonistico"),G54<TODAY()),"🔴",IF(AND(OR(F54="agonistico",F54="non agonistico"),G54<=TODAY()+30),"🟡","🟢"))) -> 🔴 | Q54: =IF((L54+M54)<=0,"🟢",IF(N54<=0,"🔴",IF(O54>0,"🟡","🟢"))) -> 🟢
A55: 7 | B55: Gruppo 7 | C55: Matteo Bosso | D55: Chiara Tessari | F55: agonistico | G55: 46199 | H55: =COUNTIFS(Presenze!$D:$D,D55,Presenze!$E:$E,"S") -> 0 | I55: =COUNTIFS(Presenze!$D:$D,D55,Presenze!$F:$F,"S") -> 0 | J55: =COUNTIFS(Presenze!$D:$D,D55,Presenze!$G:$G,"<>") -> 0 | K55: =I55-J55 -> 0 | L55: 450 | M55: 15 | N55: 255 | O55: =L55+M55-N55 -> 210 | P55: =IF(OR(F55="nessuno",F55=""),"🔴",IF(AND(OR(F55="agonistico",F55="non agonistico"),G55<TODAY()),"🔴",IF(AND(OR(F55="agonistico",F55="non agonistico"),G55<=TODAY()+30),"🟡","🟢"))) -> 🟢 | Q55: =IF((L55+M55)<=0,"🟢",IF(N55<=0,"🔴",IF(O55>0,"🟡","🟢"))) -> 🟡
A56: 7 | B56: Gruppo 7 | C56: Matteo Bosso | D56: Maddalena Moretto | F56: agonistico | G56: 46303 | H56: =COUNTIFS(Presenze!$D:$D,D56,Presenze!$E:$E,"S") -> 0 | I56: =COUNTIFS(Presenze!$D:$D,D56,Presenze!$F:$F,"S") -> 0 | J56: =COUNTIFS(Presenze!$D:$D,D56,Presenze!$G:$G,"<>") -> 0 | K56: =I56-J56 -> 0 | L56: 360 | M56: 15 | N56: 255 | O56: =L56+M56-N56 -> 120 | P56: =IF(OR(F56="nessuno",F56=""),"🔴",IF(AND(OR(F56="agonistico",F56="non agonistico"),G56<TODAY()),"🔴",IF(AND(OR(F56="agonistico",F56="non agonistico"),G56<=TODAY()+30),"🟡","🟢"))) -> 🟢 | Q56: =IF((L56+M56)<=0,"🟢",IF(N56<=0,"🔴",IF(O56>0,"🟡","🟢"))) -> 🟡
A57: 8 | B57: Gruppo 8 | C57: Davide Cagna | D57: Luca Alberti | F57: agonistico | G57: 46350 | H57: =COUNTIFS(Presenze!$D:$D,D57,Presenze!$E:$E,"S") -> 0 | I57: =COUNTIFS(Presenze!$D:$D,D57,Presenze!$F:$F,"S") -> 0 | J57: =COUNTIFS(Presenze!$D:$D,D57,Presenze!$G:$G,"<>") -> 0 | K57: =I57-J57 -> 0 | L57: 480 | M57: 15 | N57: 255 | O57: =L57+M57-N57 -> 240 | P57: =IF(OR(F57="nessuno",F57=""),"🔴",IF(AND(OR(F57="agonistico",F57="non agonistico"),G57<TODAY()),"🔴",IF(AND(OR(F57="agonistico",F57="non agonistico"),G57<=TODAY()+30),"🟡","🟢"))) -> 🟢 | Q57: =IF((L57+M57)<=0,"🟢",IF(N57<=0,"🔴",IF(O57>0,"🟡","🟢"))) -> 🟡
A58: 8 | B58: Gruppo 8 | C58: Davide Cagna | D58: Francesco Martinelli | F58: agonistico | G58: 46351 | H58: =COUNTIFS(Presenze!$D:$D,D58,Presenze!$E:$E,"S") -> 0 | I58: =COUNTIFS(Presenze!$D:$D,D58,Presenze!$F:$F,"S") -> 0 | J58: =COUNTIFS(Presenze!$D:$D,D58,Presenze!$G:$G,"<>") -> 0 | K58: =I58-J58 -> 0 | L58: 480 | M58: 15 | N58: 255 | O58: =L58+M58-N58 -> 240 | P58: =IF(OR(F58="nessuno",F58=""),"🔴",IF(AND(OR(F58="agonistico",F58="non agonistico"),G58<TODAY()),"🔴",IF(AND(OR(F58="agonistico",F58="non agonistico"),G58<=TODAY()+30),"🟡","🟢"))) -> 🟢 | Q58: =IF((L58+M58)<=0,"🟢",IF(N58<=0,"🔴",IF(O58>0,"🟡","🟢"))) -> 🟡
A59: 8 | B59: Gruppo 8 | C59: Davide Cagna | D59: Masca Nicola | F59: agonistico | G59: 46353 | H59: =COUNTIFS(Presenze!$D:$D,D59,Presenze!$E:$E,"S") -> 0 | I59: =COUNTIFS(Presenze!$D:$D,D59,Presenze!$F:$F,"S") -> 0 | J59: =COUNTIFS(Presenze!$D:$D,D59,Presenze!$G:$G,"<>") -> 0 | K59: =I59-J59 -> 0 | L59: 465 | M59: 15 | N59: 240 | O59: =L59+M59-N59 -> 240 | P59: =IF(OR(F59="nessuno",F59=""),"🔴",IF(AND(OR(F59="agonistico",F59="non agonistico"),G59<TODAY()),"🔴",IF(AND(OR(F59="agonistico",F59="non agonistico"),G59<=TODAY()+30),"🟡","🟢"))) -> 🟢 | Q59: =IF((L59+M59)<=0,"🟢",IF(N59<=0,"🔴",IF(O59>0,"🟡","🟢"))) -> 🟡 | R59: CASH CAGNA
A60: 8 | B60: Gruppo 8 | C60: Davide Cagna | D60: Eli Gammaitoni | F60: agonistico | G60: 46309 | H60: =COUNTIFS(Presenze!$D:$D,D60,Presenze!$E:$E,"S") -> 0 | I60: =COUNTIFS(Presenze!$D:$D,D60,Presenze!$F:$F,"S") -> 0 | J60: =COUNTIFS(Presenze!$D:$D,D60,Presenze!$G:$G,"<>") -> 0 | K60: =I60-J60 -> 0 | L60: 480 | M60: 15 | N60: 255 | O60: =L60+M60-N60 -> 240 | P60: =IF(OR(F60="nessuno",F60=""),"🔴",IF(AND(OR(F60="agonistico",F60="non agonistico"),G60<TODAY()),"🔴",IF(AND(OR(F60="agonistico",F60="non agonistico"),G60<=TODAY()+30),"🟡","🟢"))) -> 🟢 | Q60: =IF((L60+M60)<=0,"🟢",IF(N60<=0,"🔴",IF(O60>0,"🟡","🟢"))) -> 🟡
A61: 8 | B61: Gruppo 8 | C61: Davide Cagna | D61: Enrico Sartori PIF | F61: agonistico | G61: 46275 | H61: =COUNTIFS(Presenze!$D:$D,D61,Presenze!$E:$E,"S") -> 0 | I61: =COUNTIFS(Presenze!$D:$D,D61,Presenze!$F:$F,"S") -> 0 | J61: =COUNTIFS(Presenze!$D:$D,D61,Presenze!$G:$G,"<>") -> 0 | K61: =I61-J61 -> 0 | L61: 480 | M61: 15 | N61: 255 | O61: =L61+M61-N61 -> 240 | P61: =IF(OR(F61="nessuno",F61=""),"🔴",IF(AND(OR(F61="agonistico",F61="non agonistico"),G61<TODAY()),"🔴",IF(AND(OR(F61="agonistico",F61="non agonistico"),G61<=TODAY()+30),"🟡","🟢"))) -> 🟢 | Q61: =IF((L61+M61)<=0,"🟢",IF(N61<=0,"🔴",IF(O61>0,"🟡","🟢"))) -> 🟡
A62: 8 | B62: Gruppo 8 | C62: Davide Cagna | D62: Andrea Lorini | F62: agonistico | G62: 46346 | H62: =COUNTIFS(Presenze!$D:$D,D62,Presenze!$E:$E,"S") -> 0 | I62: =COUNTIFS(Presenze!$D:$D,D62,Presenze!$F:$F,"S") -> 0 | J62: =COUNTIFS(Presenze!$D:$D,D62,Presenze!$G:$G,"<>") -> 0 | K62: =I62-J62 -> 0 | L62: 480 | M62: 15 | N62: 255 | O62: =L62+M62-N62 -> 240 | P62: =IF(OR(F62="nessuno",F62=""),"🔴",IF(AND(OR(F62="agonistico",F62="non agonistico"),G62<TODAY()),"🔴",IF(AND(OR(F62="agonistico",F62="non agonistico"),G62<=TODAY()+30),"🟡","🟢"))) -> 🟢 | Q62: =IF((L62+M62)<=0,"🟢",IF(N62<=0,"🔴",IF(O62>0,"🟡","🟢"))) -> 🟡
A63: 9 | B63: Gruppo 9 | C63: Davide Cagna | D63: Maria Berneri | F63: non agonistico | G63: 46094 | H63: =COUNTIFS(Presenze!$D:$D,D63,Presenze!$E:$E,"S") -> 0 | I63: =COUNTIFS(Presenze!$D:$D,D63,Presenze!$F:$F,"S") -> 0 | J63: =COUNTIFS(Presenze!$D:$D,D63,Presenze!$G:$G,"<>") -> 0 | K63: =I63-J63 -> 0 | L63: 480 | M63: 15 | N63: 255 | O63: =L63+M63-N63 -> 240 | P63: =IF(OR(F63="nessuno",F63=""),"🔴",IF(AND(OR(F63="agonistico",F63="non agonistico"),G63<TODAY()),"🔴",IF(AND(OR(F63="agonistico",F63="non agonistico"),G63<=TODAY()+30),"🟡","🟢"))) -> 🟢 | Q63: =IF((L63+M63)<=0,"🟢",IF(N63<=0,"🔴",IF(O63>0,"🟡","🟢"))) -> 🟡
A64: 9 | B64: Gruppo 9 | C64: Davide Cagna | D64: Paola Anselmi | F64: agonistico | G64: 46300 | H64: =COUNTIFS(Presenze!$D:$D,D64,Presenze!$E:$E,"S") -> 0 | I64: =COUNTIFS(Presenze!$D:$D,D64,Presenze!$F:$F,"S") -> 0 | J64: =COUNTIFS(Presenze!$D:$D,D64,Presenze!$G:$G,"<>") -> 0 | K64: =I64-J64 -> 0 | L64: 480 | M64: 15 | N64: 255 | O64: =L64+M64-N64 -> 240 | P64: =IF(OR(F64="nessuno",F64=""),"🔴",IF(AND(OR(F64="agonistico",F64="non agonistico"),G64<TODAY()),"🔴",IF(AND(OR(F64="agonistico",F64="non agonistico"),G64<=TODAY()+30),"🟡","🟢"))) -> 🟢 | Q64: =IF((L64+M64)<=0,"🟢",IF(N64<=0,"🔴",IF(O64>0,"🟡","🟢"))) -> 🟡
A65: 9 | B65: Gruppo 9 | C65: Davide Cagna | D65: Federica Cona | F65: agonistico | G65: 46346 | H65: =COUNTIFS(Presenze!$D:$D,D65,Presenze!$E:$E,"S") -> 0 | I65: =COUNTIFS(Presenze!$D:$D,D65,Presenze!$F:$F,"S") -> 0 | J65: =COUNTIFS(Presenze!$D:$D,D65,Presenze!$G:$G,"<>") -> 0 | K65: =I65-J65 -> 0 | L65: 0 | M65: 0 | N65: 0 | O65: =L65+M65-N65 -> 0 | P65: =IF(OR(F65="nessuno",F65=""),"🔴",IF(AND(OR(F65="agonistico",F65="non agonistico"),G65<TODAY()),"🔴",IF(AND(OR(F65="agonistico",F65="non agonistico"),G65<=TODAY()+30),"🟡","🟢"))) -> 🟢 | Q65: =IF((L65+M65)<=0,"🟢",IF(N65<=0,"🔴",IF(O65>0,"🟡","🟢"))) -> 🟢
A66: 6 | B66: Gruppo 6 | C66: Matteo Bosso | D66: Elena Strazzer | F66: agonistico | G66: 46282 | H66: =COUNTIFS(Presenze!$D:$D,D66,Presenze!$E:$E,"S") -> 0 | I66: =COUNTIFS(Presenze!$D:$D,D66,Presenze!$F:$F,"S") -> 0 | J66: =COUNTIFS(Presenze!$D:$D,D66,Presenze!$G:$G,"<>") -> 0 | K66: =I66-J66 -> 0 | L66: 480 | M66: 15 | N66: 255 | O66: =L66+M66-N66 -> 240 | P66: =IF(OR(F66="nessuno",F66=""),"🔴",IF(AND(OR(F66="agonistico",F66="non agonistico"),G66<TODAY()),"🔴",IF(AND(OR(F66="agonistico",F66="non agonistico"),G66<=TODAY()+30),"🟡","🟢"))) -> 🟢 | Q66: =IF((L66+M66)<=0,"🟢",IF(N66<=0,"🔴",IF(O66>0,"🟡","🟢"))) -> 🟡
A67: 6 | B67: Gruppo 6 | C67: Matteo Bosso | D67: Alberta Sgarbossa | F67: agonistico | G67: 46255 | H67: =COUNTIFS(Presenze!$D:$D,D67,Presenze!$E:$E,"S") -> 0 | I67: =COUNTIFS(Presenze!$D:$D,D67,Presenze!$F:$F,"S") -> 0 | J67: =COUNTIFS(Presenze!$D:$D,D67,Presenze!$G:$G,"<>") -> 0 | K67: =I67-J67 -> 0 | L67: 480 | M67: 15 | N67: 255 | O67: =L67+M67-N67 -> 240 | P67: =IF(OR(F67="nessuno",F67=""),"🔴",IF(AND(OR(F67="agonistico",F67="non agonistico"),G67<TODAY()),"🔴",IF(AND(OR(F67="agonistico",F67="non agonistico"),G67<=TODAY()+30),"🟡","🟢"))) -> 🟢 | Q67: =IF((L67+M67)<=0,"🟢",IF(N67<=0,"🔴",IF(O67>0,"🟡","🟢"))) -> 🟡
A68: 9 | B68: Gruppo 9 | C68: Davide Cagna | D68: Anna Cona | F68: agonistico | G68: 46286 | H68: =COUNTIFS(Presenze!$D:$D,D68,Presenze!$E:$E,"S") -> 0 | I68: =COUNTIFS(Presenze!$D:$D,D68,Presenze!$F:$F,"S") -> 0 | J68: =COUNTIFS(Presenze!$D:$D,D68,Presenze!$G:$G,"<>") -> 0 | K68: =I68-J68 -> 0 | L68: 0 | M68: 0 | N68: 0 | O68: =L68+M68-N68 -> 0 | P68: =IF(OR(F68="nessuno",F68=""),"🔴",IF(AND(OR(F68="agonistico",F68="non agonistico"),G68<TODAY()),"🔴",IF(AND(OR(F68="agonistico",F68="non agonistico"),G68<=TODAY()+30),"🟡","🟢"))) -> 🟢 | Q68: =IF((L68+M68)<=0,"🟢",IF(N68<=0,"🔴",IF(O68>0,"🟡","🟢"))) -> 🟢
A69: 10 | B69: Gruppo 10 | C69: Matteo Bosso | D69: Marco Pinelli | F69: agonistico | G69: 46308 | H69: =COUNTIFS(Presenze!$D:$D,D69,Presenze!$E:$E,"S") -> 0 | I69: =COUNTIFS(Presenze!$D:$D,D69,Presenze!$F:$F,"S") -> 0 | J69: =COUNTIFS(Presenze!$D:$D,D69,Presenze!$G:$G,"<>") -> 0 | K69: =I69-J69 -> 0 | L69: 0 | M69: 0 | N69: 0 | O69: =L69+M69-N69 -> 0 | P69: =IF(OR(F69="nessuno",F69=""),"🔴",IF(AND(OR(F69="agonistico",F69="non agonistico"),G69<TODAY()),"🔴",IF(AND(OR(F69="agonistico",F69="non agonistico"),G69<=TODAY()+30),"🟡","🟢"))) -> 🟢 | Q69: =IF((L69+M69)<=0,"🟢",IF(N69<=0,"🔴",IF(O69>0,"🟡","🟢"))) -> 🟢
A70: 10 | B70: Gruppo 10 | C70: Matteo Bosso | D70: Leonardo Ziviani | F70: agonistico | G70: 46360 | H70: =COUNTIFS(Presenze!$D:$D,D70,Presenze!$E:$E,"S") -> 0 | I70: =COUNTIFS(Presenze!$D:$D,D70,Presenze!$F:$F,"S") -> 0 | J70: =COUNTIFS(Presenze!$D:$D,D70,Presenze!$G:$G,"<>") -> 0 | K70: =I70-J70 -> 0 | L70: 480 | M70: 15 | N70: 255 | O70: =L70+M70-N70 -> 240 | P70: =IF(OR(F70="nessuno",F70=""),"🔴",IF(AND(OR(F70="agonistico",F70="non agonistico"),G70<TODAY()),"🔴",IF(AND(OR(F70="agonistico",F70="non agonistico"),G70<=TODAY()+30),"🟡","🟢"))) -> 🟢 | Q70: =IF((L70+M70)<=0,"🟢",IF(N70<=0,"🔴",IF(O70>0,"🟡","🟢"))) -> 🟡
A71: 10 | B71: Gruppo 10 | C71: Matteo Bosso | D71: Alessandro Avesani | F71: agonistico | G71: 46272 | H71: =COUNTIFS(Presenze!$D:$D,D71,Presenze!$E:$E,"S") -> 0 | I71: =COUNTIFS(Presenze!$D:$D,D71,Presenze!$F:$F,"S") -> 0 | J71: =COUNTIFS(Presenze!$D:$D,D71,Presenze!$G:$G,"<>") -> 0 | K71: =I71-J71 -> 0 | L71: 480 | M71: 15 | N71: 255 | O71: =L71+M71-N71 -> 240 | P71: =IF(OR(F71="nessuno",F71=""),"🔴",IF(AND(OR(F71="agonistico",F71="non agonistico"),G71<TODAY()),"🔴",IF(AND(OR(F71="agonistico",F71="non agonistico"),G71<=TODAY()+30),"🟡","🟢"))) -> 🟢 | Q71: =IF((L71+M71)<=0,"🟢",IF(N71<=0,"🔴",IF(O71>0,"🟡","🟢"))) -> 🟡
A72: 10 | B72: Gruppo 10 | C72: Matteo Bosso | D72: Matteo Signorini | H72: =COUNTIFS(Presenze!$D:$D,D72,Presenze!$E:$E,"S") -> 0 | I72: =COUNTIFS(Presenze!$D:$D,D72,Presenze!$F:$F,"S") -> 0 | J72: =COUNTIFS(Presenze!$D:$D,D72,Presenze!$G:$G,"<>") -> 0 | K72: =I72-J72 -> 0 | L72: 480 | M72: 15 | N72: 255 | O72: =L72+M72-N72 -> 240 | P72: =IF(OR(F72="nessuno",F72=""),"🔴",IF(AND(OR(F72="agonistico",F72="non agonistico"),G72<TODAY()),"🔴",IF(AND(OR(F72="agonistico",F72="non agonistico"),G72<=TODAY()+30),"🟡","🟢"))) -> 🔴 | Q72: =IF((L72+M72)<=0,"🟢",IF(N72<=0,"🔴",IF(O72>0,"🟡","🟢"))) -> 🟡
A73: 10 | B73: Gruppo 10 | C73: Matteo Bosso | D73: Andrea Mazzoni | F73: non agonistico | G73: 46283 | H73: =COUNTIFS(Presenze!$D:$D,D73,Presenze!$E:$E,"S") -> 0 | I73: =COUNTIFS(Presenze!$D:$D,D73,Presenze!$F:$F,"S") -> 0 | J73: =COUNTIFS(Presenze!$D:$D,D73,Presenze!$G:$G,"<>") -> 0 | K73: =I73-J73 -> 0 | L73: 480 | M73: 15 | N73: 255 | O73: =L73+M73-N73 -> 240 | P73: =IF(OR(F73="nessuno",F73=""),"🔴",IF(AND(OR(F73="agonistico",F73="non agonistico"),G73<TODAY()),"🔴",IF(AND(OR(F73="agonistico",F73="non agonistico"),G73<=TODAY()+30),"🟡","🟢"))) -> 🟢 | Q73: =IF((L73+M73)<=0,"🟢",IF(N73<=0,"🔴",IF(O73>0,"🟡","🟢"))) -> 🟡
A74: 10 | B74: Gruppo 10 | C74: Matteo Bosso | D74: Domenico D'Alessandro | F74: agonistico | G74: 46120 | H74: =COUNTIFS(Presenze!$D:$D,D74,Presenze!$E:$E,"S") -> 0 | I74: =COUNTIFS(Presenze!$D:$D,D74,Presenze!$F:$F,"S") -> 0 | J74: =COUNTIFS(Presenze!$D:$D,D74,Presenze!$G:$G,"<>") -> 0 | K74: =I74-J74 -> 0 | L74: 480 | M74: 15 | N74: 255 | O74: =L74+M74-N74 -> 240 | P74: =IF(OR(F74="nessuno",F74=""),"🔴",IF(AND(OR(F74="agonistico",F74="non agonistico"),G74<TODAY()),"🔴",IF(AND(OR(F74="agonistico",F74="non agonistico"),G74<=TODAY()+30),"🟡","🟢"))) -> 🟢 | Q74: =IF((L74+M74)<=0,"🟢",IF(N74<=0,"🔴",IF(O74>0,"🟡","🟢"))) -> 🟡
A75: 10 | B75: Gruppo 10 | C75: Matteo Bosso | D75: Riccardo De Conti | F75: agonistico | G75: 46305 | H75: =COUNTIFS(Presenze!$D:$D,D75,Presenze!$E:$E,"S") -> 0 | I75: =COUNTIFS(Presenze!$D:$D,D75,Presenze!$F:$F,"S") -> 0 | J75: =COUNTIFS(Presenze!$D:$D,D75,Presenze!$G:$G,"<>") -> 0 | K75: =I75-J75 -> 0 | L75: 375 | M75: 15 | N75: 150 | O75: =L75+M75-N75 -> 240 | P75: =IF(OR(F75="nessuno",F75=""),"🔴",IF(AND(OR(F75="agonistico",F75="non agonistico"),G75<TODAY()),"🔴",IF(AND(OR(F75="agonistico",F75="non agonistico"),G75<=TODAY()+30),"🟡","🟢"))) -> 🟢 | Q75: =IF((L75+M75)<=0,"🟢",IF(N75<=0,"🔴",IF(O75>0,"🟡","🟢"))) -> 🟡 | R75: paypal - tesserato a corso iniziato
A76: 11 | B76: Gruppo 11 | C76: Matteo Bosso | D76: Linda Castagna PIF | F76: agonistico | G76: 46283 | H76: =COUNTIFS(Presenze!$D:$D,D76,Presenze!$E:$E,"S") -> 0 | I76: =COUNTIFS(Presenze!$D:$D,D76,Presenze!$F:$F,"S") -> 0 | J76: =COUNTIFS(Presenze!$D:$D,D76,Presenze!$G:$G,"<>") -> 0 | K76: =I76-J76 -> 0 | L76: 480 | M76: 15 | N76: 255 | O76: =L76+M76-N76 -> 240 | P76: =IF(OR(F76="nessuno",F76=""),"🔴",IF(AND(OR(F76="agonistico",F76="non agonistico"),G76<TODAY()),"🔴",IF(AND(OR(F76="agonistico",F76="non agonistico"),G76<=TODAY()+30),"🟡","🟢"))) -> 🟢 | Q76: =IF((L76+M76)<=0,"🟢",IF(N76<=0,"🔴",IF(O76>0,"🟡","🟢"))) -> 🟡
A77: 11 | B77: Gruppo 11 | C77: Matteo Bosso | D77: Barbara Ferrarini | F77: non agonistico | G77: 46360 | H77: =COUNTIFS(Presenze!$D:$D,D77,Presenze!$E:$E,"S") -> 0 | I77: =COUNTIFS(Presenze!$D:$D,D77,Presenze!$F:$F,"S") -> 0 | J77: =COUNTIFS(Presenze!$D:$D,D77,Presenze!$G:$G,"<>") -> 0 | K77: =I77-J77 -> 0 | L77: 480 | M77: 15 | N77: 255 | O77: =L77+M77-N77 -> 240 | P77: =IF(OR(F77="nessuno",F77=""),"🔴",IF(AND(OR(F77="agonistico",F77="non agonistico"),G77<TODAY()),"🔴",IF(AND(OR(F77="agonistico",F77="non agonistico"),G77<=TODAY()+30),"🟡","🟢"))) -> 🟢 | Q77: =IF((L77+M77)<=0,"🟢",IF(N77<=0,"🔴",IF(O77>0,"🟡","🟢"))) -> 🟡
A78: 11 | B78: Gruppo 11 | C78: Matteo Bosso | D78: Mariella Ferroni | F78: agonistico | G78: 46109 | H78: =COUNTIFS(Presenze!$D:$D,D78,Presenze!$E:$E,"S") -> 0 | I78: =COUNTIFS(Presenze!$D:$D,D78,Presenze!$F:$F,"S") -> 0 | J78: =COUNTIFS(Presenze!$D:$D,D78,Presenze!$G:$G,"<>") -> 0 | K78: =I78-J78 -> 0 | L78: 480 | M78: 15 | N78: 225 | O78: =L78+M78-N78 -> 270 | P78: =IF(OR(F78="nessuno",F78=""),"🔴",IF(AND(OR(F78="agonistico",F78="non agonistico"),G78<TODAY()),"🔴",IF(AND(OR(F78="agonistico",F78="non agonistico"),G78<=TODAY()+30),"🟡","🟢"))) -> 🟢 | Q78: =IF((L78+M78)<=0,"🟢",IF(N78<=0,"🔴",IF(O78>0,"🟡","🟢"))) -> 🟡
A79: 11 | B79: Gruppo 11 | C79: Matteo Bosso | D79: Arianna Ferrari | F79: non agonistico | G79: 46291 | H79: =COUNTIFS(Presenze!$D:$D,D79,Presenze!$E:$E,"S") -> 0 | I79: =COUNTIFS(Presenze!$D:$D,D79,Presenze!$F:$F,"S") -> 0 | J79: =COUNTIFS(Presenze!$D:$D,D79,Presenze!$G:$G,"<>") -> 0 | K79: =I79-J79 -> 0 | L79: 480 | M79: 15 | N79: 255 | O79: =L79+M79-N79 -> 240 | P79: =IF(OR(F79="nessuno",F79=""),"🔴",IF(AND(OR(F79="agonistico",F79="non agonistico"),G79<TODAY()),"🔴",IF(AND(OR(F79="agonistico",F79="non agonistico"),G79<=TODAY()+30),"🟡","🟢"))) -> 🟢 | Q79: =IF((L79+M79)<=0,"🟢",IF(N79<=0,"🔴",IF(O79>0,"🟡","🟢"))) -> 🟡
A80: 11 | B80: Gruppo 11 | C80: Matteo Bosso | D80: Federica De Paoli | F80: agonistico | G80: 46348 | H80: =COUNTIFS(Presenze!$D:$D,D80,Presenze!$E:$E,"S") -> 0 | I80: =COUNTIFS(Presenze!$D:$D,D80,Presenze!$F:$F,"S") -> 0 | J80: =COUNTIFS(Presenze!$D:$D,D80,Presenze!$G:$G,"<>") -> 0 | K80: =I80-J80 -> 0 | L80: 135 | M80: 15 | N80: 30 | O80: =L80+M80-N80 -> 120 | P80: =IF(OR(F80="nessuno",F80=""),"🔴",IF(AND(OR(F80="agonistico",F80="non agonistico"),G80<TODAY()),"🔴",IF(AND(OR(F80="agonistico",F80="non agonistico"),G80<=TODAY()+30),"🟡","🟢"))) -> 🟢 | Q80: =IF((L80+M80)<=0,"🟢",IF(N80<=0,"🔴",IF(O80>0,"🟡","🟢"))) -> 🟡
A81: 11 | B81: Gruppo 11 | C81: Matteo Bosso | D81: Lidia Appoloni | F81: non agonistico | G81: 46288 | H81: =COUNTIFS(Presenze!$D:$D,D81,Presenze!$E:$E,"S") -> 0 | I81: =COUNTIFS(Presenze!$D:$D,D81,Presenze!$F:$F,"S") -> 0 | J81: =COUNTIFS(Presenze!$D:$D,D81,Presenze!$G:$G,"<>") -> 0 | K81: =I81-J81 -> 0 | L81: 480 | M81: 15 | N81: 255 | O81: =L81+M81-N81 -> 240 | P81: =IF(OR(F81="nessuno",F81=""),"🔴",IF(AND(OR(F81="agonistico",F81="non agonistico"),G81<TODAY()),"🔴",IF(AND(OR(F81="agonistico",F81="non agonistico"),G81<=TODAY()+30),"🟡","🟢"))) -> 🟢 | Q81: =IF((L81+M81)<=0,"🟢",IF(N81<=0,"🔴",IF(O81>0,"🟡","🟢"))) -> 🟡
A82: 12 | B82: Gruppo 12 | C82: Matteo Bosso | D82: David Mancassola | F82: agonistico | G82: 46286 | H82: =COUNTIFS(Presenze!$D:$D,D82,Presenze!$E:$E,"S") -> 0 | I82: =COUNTIFS(Presenze!$D:$D,D82,Presenze!$F:$F,"S") -> 0 | J82: =COUNTIFS(Presenze!$D:$D,D82,Presenze!$G:$G,"<>") -> 0 | K82: =I82-J82 -> 0 | L82: 710 | M82: 15 | N82: 370 | O82: =L82+M82-N82 -> 355 | P82: =IF(OR(F82="nessuno",F82=""),"🔴",IF(AND(OR(F82="agonistico",F82="non agonistico"),G82<TODAY()),"🔴",IF(AND(OR(F82="agonistico",F82="non agonistico"),G82<=TODAY()+30),"🟡","🟢"))) -> 🟢 | Q82: =IF((L82+M82)<=0,"🟢",IF(N82<=0,"🔴",IF(O82>0,"🟡","🟢"))) -> 🟡
A83: 12 | B83: Gruppo 12 | C83: Matteo Bosso | D83: Davide Iamonte | F83: agonistico | G83: 46342 | H83: =COUNTIFS(Presenze!$D:$D,D83,Presenze!$E:$E,"S") -> 0 | I83: =COUNTIFS(Presenze!$D:$D,D83,Presenze!$F:$F,"S") -> 0 | J83: =COUNTIFS(Presenze!$D:$D,D83,Presenze!$G:$G,"<>") -> 0 | K83: =I83-J83 -> 0 | L83: 710 | M83: 15 | N83: 343 | O83: =L83+M83-N83 -> 382 | P83: =IF(OR(F83="nessuno",F83=""),"🔴",IF(AND(OR(F83="agonistico",F83="non agonistico"),G83<TODAY()),"🔴",IF(AND(OR(F83="agonistico",F83="non agonistico"),G83<=TODAY()+30),"🟡","🟢"))) -> 🟢 | Q83: =IF((L83+M83)<=0,"🟢",IF(N83<=0,"🔴",IF(O83>0,"🟡","🟢"))) -> 🟡
A84: 12 | B84: Gruppo 12 | C84: Matteo Bosso | D84: Andrea Cariglia | F84: agonistico | G84: 46127 | H84: =COUNTIFS(Presenze!$D:$D,D84,Presenze!$E:$E,"S") -> 0 | I84: =COUNTIFS(Presenze!$D:$D,D84,Presenze!$F:$F,"S") -> 0 | J84: =COUNTIFS(Presenze!$D:$D,D84,Presenze!$G:$G,"<>") -> 0 | K84: =I84-J84 -> 0 | L84: 710 | M84: 15 | N84: 350 | O84: =L84+M84-N84 -> 375 | P84: =IF(OR(F84="nessuno",F84=""),"🔴",IF(AND(OR(F84="agonistico",F84="non agonistico"),G84<TODAY()),"🔴",IF(AND(OR(F84="agonistico",F84="non agonistico"),G84<=TODAY()+30),"🟡","🟢"))) -> 🟢 | Q84: =IF((L84+M84)<=0,"🟢",IF(N84<=0,"🔴",IF(O84>0,"🟡","🟢"))) -> 🟡
A85: 12 | B85: Gruppo 12 | C85: Matteo Bosso | D85: Alberto Udali | F85: agonistico | G85: 46287 | H85: =COUNTIFS(Presenze!$D:$D,D85,Presenze!$E:$E,"S") -> 0 | I85: =COUNTIFS(Presenze!$D:$D,D85,Presenze!$F:$F,"S") -> 0 | J85: =COUNTIFS(Presenze!$D:$D,D85,Presenze!$G:$G,"<>") -> 0 | K85: =I85-J85 -> 0 | L85: 710 | M85: 15 | N85: 370 | O85: =L85+M85-N85 -> 355 | P85: =IF(OR(F85="nessuno",F85=""),"🔴",IF(AND(OR(F85="agonistico",F85="non agonistico"),G85<TODAY()),"🔴",IF(AND(OR(F85="agonistico",F85="non agonistico"),G85<=TODAY()+30),"🟡","🟢"))) -> 🟢 | Q85: =IF((L85+M85)<=0,"🟢",IF(N85<=0,"🔴",IF(O85>0,"🟡","🟢"))) -> 🟡
A86: 13 | B86: Gruppo 13 | C86: Davide Cagna | D86: Carlo Castelletti | F86: non agonistico | G86: 46350 | H86: =COUNTIFS(Presenze!$D:$D,D86,Presenze!$E:$E,"S") -> 0 | I86: =COUNTIFS(Presenze!$D:$D,D86,Presenze!$F:$F,"S") -> 0 | J86: =COUNTIFS(Presenze!$D:$D,D86,Presenze!$G:$G,"<>") -> 0 | K86: =I86-J86 -> 0 | L86: 480 | M86: 15 | N86: 255 | O86: =L86+M86-N86 -> 240 | P86: =IF(OR(F86="nessuno",F86=""),"🔴",IF(AND(OR(F86="agonistico",F86="non agonistico"),G86<TODAY()),"🔴",IF(AND(OR(F86="agonistico",F86="non agonistico"),G86<=TODAY()+30),"🟡","🟢"))) -> 🟢 | Q86: =IF((L86+M86)<=0,"🟢",IF(N86<=0,"🔴",IF(O86>0,"🟡","🟢"))) -> 🟡
A87: 13 | B87: Gruppo 13 | C87: Davide Cagna | D87: Mirko Monastero UniCredit | F87: non agonistico | G87: 46304 | H87: =COUNTIFS(Presenze!$D:$D,D87,Presenze!$E:$E,"S") -> 0 | I87: =COUNTIFS(Presenze!$D:$D,D87,Presenze!$F:$F,"S") -> 0 | J87: =COUNTIFS(Presenze!$D:$D,D87,Presenze!$G:$G,"<>") -> 0 | K87: =I87-J87 -> 0 | L87: 480 | M87: 15 | N87: 255 | O87: =L87+M87-N87 -> 240 | P87: =IF(OR(F87="nessuno",F87=""),"🔴",IF(AND(OR(F87="agonistico",F87="non agonistico"),G87<TODAY()),"🔴",IF(AND(OR(F87="agonistico",F87="non agonistico"),G87<=TODAY()+30),"🟡","🟢"))) -> 🟢 | Q87: =IF((L87+M87)<=0,"🟢",IF(N87<=0,"🔴",IF(O87>0,"🟡","🟢"))) -> 🟡
... A89: 13 | B89: Gruppo 13 | C89: Davide Cagna | D89: Marco Cecchin amico Mirko | F89: non agonistico | G89: 46310 | H89: =COUNTIFS(Presenze!$D:$D,D89,Presenze!$E:$E,"S") -> 0 | I89: =COUNTIFS(Presenze!$D:$D,D89,Presenze!$F:$F,"S") -> 0 | J89: =COUNTIFS(Presenze!$D:$D,D89,Presenze!$G:$G,"<>") -> 0 | K89: =I89-J89 -> 0 | L89: 480 | M89: 15 | N89: 255 | O89: =L89+M89-N89 -> 240 | P89: =IF(OR(F89="nessuno",F89=""),"🔴",IF(AND(OR(F89="agonistico",F89="non agonistico"),G89<TODAY()),"🔴",IF(AND(OR(F89="agonistico",F89="non agonistico"),G89<=TODAY()+30),"🟡","🟢"))) -> 🟢 | Q89: =IF((L89+M89)<=0,"🟢",IF(N89<=0,"🔴",IF(O89>0,"🟡","🟢"))) -> 🟡
A90: 13 | B90: Gruppo 13 | C90: Davide Cagna | D90: Antonio Vespignani | H90: =COUNTIFS(Presenze!$D:$D,D90,Presenze!$E:$E,"S") -> 0 | I90: =COUNTIFS(Presenze!$D:$D,D90,Presenze!$F:$F,"S") -> 0 | J90: =COUNTIFS(Presenze!$D:$D,D90,Presenze!$G:$G,"<>") -> 0 | K90: =I90-J90 -> 0 | L90: 835 | M90: 15 | N90: 405 | O90: =L90+M90-N90 -> 445 | P90: =IF(OR(F90="nessuno",F90=""),"🔴",IF(AND(OR(F90="agonistico",F90="non agonistico"),G90<TODAY()),"🔴",IF(AND(OR(F90="agonistico",F90="non agonistico"),G90<=TODAY()+30),"🟡","🟢"))) -> 🔴 | Q90: =IF((L90+M90)<=0,"🟢",IF(N90<=0,"🔴",IF(O90>0,"🟡","🟢"))) -> 🟡 | R90: bonifico - tesserato a corso iniziato
A91: 13 | B91: Gruppo 13 | C91: Davide Cagna | D91: Francesco Rigoni | F91: agonistico | G91: 46315 | H91: =COUNTIFS(Presenze!$D:$D,D91,Presenze!$E:$E,"S") -> 0 | I91: =COUNTIFS(Presenze!$D:$D,D91,Presenze!$F:$F,"S") -> 0 | J91: =COUNTIFS(Presenze!$D:$D,D91,Presenze!$G:$G,"<>") -> 0 | K91: =I91-J91 -> 0 | L91: 480 | M91: 15 | N91: 255 | O91: =L91+M91-N91 -> 240 | P91: =IF(OR(F91="nessuno",F91=""),"🔴",IF(AND(OR(F91="agonistico",F91="non agonistico"),G91<TODAY()),"🔴",IF(AND(OR(F91="agonistico",F91="non agonistico"),G91<=TODAY()+30),"🟡","🟢"))) -> 🟢 | Q91: =IF((L91+M91)<=0,"🟢",IF(N91<=0,"🔴",IF(O91>0,"🟡","🟢"))) -> 🟡
A92: 13 | B92: Gruppo 13 | C92: Davide Cagna | D92: Mirko Santucci | F92: non agonistico | G92: 46146 | H92: =COUNTIFS(Presenze!$D:$D,D92,Presenze!$E:$E,"S") -> 0 | I92: =COUNTIFS(Presenze!$D:$D,D92,Presenze!$F:$F,"S") -> 0 | J92: =COUNTIFS(Presenze!$D:$D,D92,Presenze!$G:$G,"<>") -> 0 | K92: =I92-J92 -> 0 | L92: 480 | M92: 15 | N92: 255 | O92: =L92+M92-N92 -> 240 | P92: =IF(OR(F92="nessuno",F92=""),"🔴",IF(AND(OR(F92="agonistico",F92="non agonistico"),G92<TODAY()),"🔴",IF(AND(OR(F92="agonistico",F92="non agonistico"),G92<=TODAY()+30),"🟡","🟢"))) -> 🟢 | Q92: =IF((L92+M92)<=0,"🟢",IF(N92<=0,"🔴",IF(O92>0,"🟡","🟢"))) -> 🟡
A93: 13 | B93: Gruppo 13 | C93: Davide Cagna | D93: Lorenzo Ripamonti | F93: non agonistico | G93: 46324 | H93: =COUNTIFS(Presenze!$D:$D,D93,Presenze!$E:$E,"S") -> 0 | I93: =COUNTIFS(Presenze!$D:$D,D93,Presenze!$F:$F,"S") -> 0 | J93: =COUNTIFS(Presenze!$D:$D,D93,Presenze!$G:$G,"<>") -> 0 | K93: =I93-J93 -> 0 | L93: 480 | M93: 15 | N93: 255 | O93: =L93+M93-N93 -> 240 | P93: =IF(OR(F93="nessuno",F93=""),"🔴",IF(AND(OR(F93="agonistico",F93="non agonistico"),G93<TODAY()),"🔴",IF(AND(OR(F93="agonistico",F93="non agonistico"),G93<=TODAY()+30),"🟡","🟢"))) -> 🟢 | Q93: =IF((L93+M93)<=0,"🟢",IF(N93<=0,"🔴",IF(O93>0,"🟡","🟢"))) -> 🟡
A94: 14 | B94: Gruppo 14 | C94: Elena Colombi | D94: Eleonora Cesta | F94: non agonistico | G94: 46351 | H94: =COUNTIFS(Presenze!$D:$D,D94,Presenze!$E:$E,"S") -> 0 | I94: =COUNTIFS(Presenze!$D:$D,D94,Presenze!$F:$F,"S") -> 0 | J94: =COUNTIFS(Presenze!$D:$D,D94,Presenze!$G:$G,"<>") -> 0 | K94: =I94-J94 -> 0 | L94: 480 | M94: 15 | N94: 255 | O94: =L94+M94-N94 -> 240 | P94: =IF(OR(F94="nessuno",F94=""),"🔴",IF(AND(OR(F94="agonistico",F94="non agonistico"),G94<TODAY()),"🔴",IF(AND(OR(F94="agonistico",F94="non agonistico"),G94<=TODAY()+30),"🟡","🟢"))) -> 🟢 | Q94: =IF((L94+M94)<=0,"🟢",IF(N94<=0,"🔴",IF(O94>0,"🟡","🟢"))) -> 🟡
A95: 14 | B95: Gruppo 14 | C95: Elena Colombi | D95: Carla Zecchini | F95: non agonistico | G95: 46184 | H95: =COUNTIFS(Presenze!$D:$D,D95,Presenze!$E:$E,"S") -> 0 | I95: =COUNTIFS(Presenze!$D:$D,D95,Presenze!$F:$F,"S") -> 0 | J95: =COUNTIFS(Presenze!$D:$D,D95,Presenze!$G:$G,"<>") -> 0 | K95: =I95-J95 -> 0 | L95: 390 | M95: 15 | N95: 75 | O95: =L95+M95-N95 -> 330 | P95: =IF(OR(F95="nessuno",F95=""),"🔴",IF(AND(OR(F95="agonistico",F95="non agonistico"),G95<TODAY()),"🔴",IF(AND(OR(F95="agonistico",F95="non agonistico"),G95<=TODAY()+30),"🟡","🟢"))) -> 🟢 | Q95: =IF((L95+M95)<=0,"🟢",IF(N95<=0,"🔴",IF(O95>0,"🟡","🟢"))) -> 🟡
A96: 14 | B96: Gruppo 14 | C96: Elena Colombi | D96: Irene Turrini | H96: =COUNTIFS(Presenze!$D:$D,D96,Presenze!$E:$E,"S") -> 0 | I96: =COUNTIFS(Presenze!$D:$D,D96,Presenze!$F:$F,"S") -> 0 | J96: =COUNTIFS(Presenze!$D:$D,D96,Presenze!$G:$G,"<>") -> 0 | K96: =I96-J96 -> 0 | L96: 240 | M96: 15 | N96: 0 | O96: =L96+M96-N96 -> 255 | P96: =IF(OR(F96="nessuno",F96=""),"🔴",IF(AND(OR(F96="agonistico",F96="non agonistico"),G96<TODAY()),"🔴",IF(AND(OR(F96="agonistico",F96="non agonistico"),G96<=TODAY()+30),"🟡","🟢"))) -> 🔴 | Q96: =IF((L96+M96)<=0,"🟢",IF(N96<=0,"🔴",IF(O96>0,"🟡","🟢"))) -> 🔴
A97: 14 | B97: Gruppo 14 | C97: Elena Colombi | D97: Tea | H97: =COUNTIFS(Presenze!$D:$D,D97,Presenze!$E:$E,"S") -> 0 | I97: =COUNTIFS(Presenze!$D:$D,D97,Presenze!$F:$F,"S") -> 0 | J97: =COUNTIFS(Presenze!$D:$D,D97,Presenze!$G:$G,"<>") -> 0 | K97: =I97-J97 -> 0 | L97: 240 | M97: 15 | N97: 0 | O97: =L97+M97-N97 -> 255 | P97: =IF(OR(F97="nessuno",F97=""),"🔴",IF(AND(OR(F97="agonistico",F97="non agonistico"),G97<TODAY()),"🔴",IF(AND(OR(F97="agonistico",F97="non agonistico"),G97<=TODAY()+30),"🟡","🟢"))) -> 🔴 | Q97: =IF((L97+M97)<=0,"🟢",IF(N97<=0,"🔴",IF(O97>0,"🟡","🟢"))) -> 🔴
A98: 14 | B98: Gruppo 14 | C98: Elena Colombi | D98: Felicita Bogo | F98: non agonistico | G98: 46184 | H98: =COUNTIFS(Presenze!$D:$D,D98,Presenze!$E:$E,"S") -> 0 | I98: =COUNTIFS(Presenze!$D:$D,D98,Presenze!$F:$F,"S") -> 0 | J98: =COUNTIFS(Presenze!$D:$D,D98,Presenze!$G:$G,"<>") -> 0 | K98: =I98-J98 -> 0 | L98: 480 | M98: 15 | N98: 255 | O98: =L98+M98-N98 -> 240 | P98: =IF(OR(F98="nessuno",F98=""),"🔴",IF(AND(OR(F98="agonistico",F98="non agonistico"),G98<TODAY()),"🔴",IF(AND(OR(F98="agonistico",F98="non agonistico"),G98<=TODAY()+30),"🟡","🟢"))) -> 🟢 | Q98: =IF((L98+M98)<=0,"🟢",IF(N98<=0,"🔴",IF(O98>0,"🟡","🟢"))) -> 🟡
A99: 14 | B99: Gruppo 14 | C99: Elena Colombi | D99: Marco Fidanzato Elena | H99: =COUNTIFS(Presenze!$D:$D,D99,Presenze!$E:$E,"S") -> 0 | I99: =COUNTIFS(Presenze!$D:$D,D99,Presenze!$F:$F,"S") -> 0 | J99: =COUNTIFS(Presenze!$D:$D,D99,Presenze!$G:$G,"<>") -> 0 | K99: =I99-J99 -> 0 | L99: 240 | M99: 15 | N99: 255 | O99: =L99+M99-N99 -> 0 | P99: =IF(OR(F99="nessuno",F99=""),"🔴",IF(AND(OR(F99="agonistico",F99="non agonistico"),G99<TODAY()),"🔴",IF(AND(OR(F99="agonistico",F99="non agonistico"),G99<=TODAY()+30),"🟡","🟢"))) -> 🔴 | Q99: =IF((L99+M99)<=0,"🟢",IF(N99<=0,"🔴",IF(O99>0,"🟡","🟢"))) -> 🟢
A100: 14 | B100: Gruppo 14 | C100: Elena Colombi | D100: Ciro Garofalo | F100: non agonistico | G100: 46162 | H100: =COUNTIFS(Presenze!$D:$D,D100,Presenze!$E:$E,"S") -> 0 | I100: =COUNTIFS(Presenze!$D:$D,D100,Presenze!$F:$F,"S") -> 0 | J100: =COUNTIFS(Presenze!$D:$D,D100,Presenze!$G:$G,"<>") -> 0 | K100: =I100-J100 -> 0 | L100: 240 | M100: 15 | N100: 255 | O100: =L100+M100-N100 -> 0 | P100: =IF(OR(F100="nessuno",F100=""),"🔴",IF(AND(OR(F100="agonistico",F100="non agonistico"),G100<TODAY()),"🔴",IF(AND(OR(F100="agonistico",F100="non agonistico"),G100<=TODAY()+30),"🟡","🟢"))) -> 🟢 | Q100: =IF((L100+M100)<=0,"🟢",IF(N100<=0,"🔴",IF(O100>0,"🟡","🟢"))) -> 🟢 | R100: bonifico - tesserato a corso iniziato
A101: 14 | B101: Gruppo 14 | C101: Elena Colombi | D101: Sebastiano Scandola | H101: =COUNTIFS(Presenze!$D:$D,D101,Presenze!$E:$E,"S") -> 0 | I101: =COUNTIFS(Presenze!$D:$D,D101,Presenze!$F:$F,"S") -> 0 | J101: =COUNTIFS(Presenze!$D:$D,D101,Presenze!$G:$G,"<>") -> 0 | K101: =I101-J101 -> 0 | L101: 240 | M101: 15 | N101: 255 | O101: =L101+M101-N101 -> 0 | P101: =IF(OR(F101="nessuno",F101=""),"🔴",IF(AND(OR(F101="agonistico",F101="non agonistico"),G101<TODAY()),"🔴",IF(AND(OR(F101="agonistico",F101="non agonistico"),G101<=TODAY()+30),"🟡","🟢"))) -> 🔴 | Q101: =IF((L101+M101)<=0,"🟢",IF(N101<=0,"🔴",IF(O101>0,"🟡","🟢"))) -> 🟢
...

Sheet Presenze
A1: Data | B1: ID Gruppo | C1: Nome Gruppo | D1: Atleta | E1: Presente (S/N) | F1: Assenza da recuperare? (S/N) | G1: Data recupero | H1: Gruppo in cui recupera | I1: Note
C6: =IFERROR(INDEX(Gruppi_Atleti!$B$2:$B$122,MATCH(B6,Gruppi_Atleti!$A$2:$A$122,0)),"")
C7: =IFERROR(INDEX(Gruppi_Atleti!$B$2:$B$122,MATCH(B7,Gruppi_Atleti!$A$2:$A$122,0)),"")
C8: =IFERROR(INDEX(Gruppi_Atleti!$B$2:$B$122,MATCH(B8,Gruppi_Atleti!$A$2:$A$122,0)),"")
C9: =IFERROR(INDEX(Gruppi_Atleti!$B$2:$B$122,MATCH(B9,Gruppi_Atleti!$A$2:$A$122,0)),"")
C10: =IFERROR(INDEX(Gruppi_Atleti!$B$2:$B$122,MATCH(B10,Gruppi_Atleti!$A$2:$A$122,0)),"")
C11: =IFERROR(INDEX(Gruppi_Atleti!$B$2:$B$122,MATCH(B11,Gruppi_Atleti!$A$2:$A$122,0)),"")
C12: =IFERROR(INDEX(Gruppi_Atleti!$B$2:$B$122,MATCH(B12,Gruppi_Atleti!$A$2:$A$122,0)),"")
C13: =IFERROR(INDEX(Gruppi_Atleti!$B$2:$B$122,MATCH(B13,Gruppi_Atleti!$A$2:$A$122,0)),"")
C14: =IFERROR(INDEX(Gruppi_Atleti!$B$2:$B$122,MATCH(B14,Gruppi_Atleti!$A$2:$A$122,0)),"")
C15: =IFERROR(INDEX(Gruppi_Atleti!$B$2:$B$122,MATCH(B15,Gruppi_Atleti!$A$2:$A$122,0)),"")
C16: =IFERROR(INDEX(Gruppi_Atleti!$B$2:$B$122,MATCH(B16,Gruppi_Atleti!$A$2:$A$122,0)),"")
C17: =IFERROR(INDEX(Gruppi_Atleti!$B$2:$B$122,MATCH(B17,Gruppi_Atleti!$A$2:$A$122,0)),"")
... C1000: =IFERROR(INDEX(Gruppi_Atleti!$B$2:$B$122,MATCH(B1000,Gruppi_Atleti!$A$2:$A$122,0)),"")

Sheet Disponibilità_Recuperi
A1: ID Gruppo | B1: Nome Gruppo | C1: Giorno/Orario | D1: Posti disponibili | E1: Extra note
A2: 1 | B2: Gruppo 1
A3: 2 | B3: Gruppo 2
A4: 3 | B4: Gruppo 3
A5: 4 | B5: Gruppo 4
A6: 5 | B6: Gruppo 5
A7: 6 | B7: Gruppo 6
A8: 7 | B8: Gruppo 7
A9: 8 | B9: Gruppo 8
A10: 9 | B10: Gruppo 9
A11: 10 | B11: Gruppo 10
A12: 11 | B12: Gruppo 11
A13: 12 | B13: Gruppo 12
... A18: 17 | B18: Gruppo 17
A20: Atleta | B20: Gruppo di origine | C20: Assenze da recuperare | D20: Recuperi fatti | E20: Recuperi da programmare
